source name,url,text file,Triples
AWS IoT,https://aws.amazon.com/iot/,raw text/AWS_IoT_raw_text.txt,"```text
[
  (""AWS IoT"", ""offers"", ""Internet of Things services and solutions to connect and manage billions of devices""),
  (""AWS IoT"", ""collects, stores, and analyzes"", ""IoT data for industrial, consumer, commercial, and automotive workloads""),
  (""AWS IoT"", ""provides"", ""secure device connectivity, management, storage, and analytics""),
  (""AWS IoT"", ""secures"", ""IoT applications from the cloud to the edge""),
  (""AWS IoT"", ""builds"", ""intelligent IoT solutions with superior AI and ML integration""),
  (""AWS IoT"", ""provides"", ""cloud infrastructure that scales to billions of devices and trillions of messages""),
  (""AWS IoT"", ""integrates"", ""seamlessly with other AWS services""),
  (""FreeRTOS"", ""is"", ""an open‑source, cloud‑neutral real‑time operating system for resource‑constrained devices""),
  (""AWS IoT Greengrass"", ""provides"", ""local processing, messaging, data management, and ML inference at the edge""),
  (""AWS IoT ExpressLink"", ""powers"", ""a range of hardware modules that enable secure device connectivity to the cloud""),
  (""AWS IoT Core"", ""supports"", ""connectivity for billions of devices and trillions of messages""),
  (""AWS IoT Core"", ""processes and routes"", ""messages reliably and securely to AWS endpoints and other devices""),
  (""AWS IoT Device Management"", ""enables"", ""secure registration, organization, monitoring, and remote management of IoT devices""),
  (""AWS IoT Device Defender"", ""provides"", ""tools to identify and respond to security issues at scale""),
  (""Amazon Kinesis Video Streams"", ""allows"", ""ingesting, streaming, processing, and storing video and time‑encoded data from connected devices at any scale""),
  (""AWS IoT SiteWise"", ""enables"", ""collecting, storing, organizing, and monitoring data from industrial equipment""),
  (""AWS IoT TwinMaker"", ""creates"", ""digital twins of real‑world systems using measurements and analysis from sensors, cameras, and enterprise applications""),
  (""AWS IoT FleetWise"", ""enables"", ""collecting, transforming, and transferring vehicle data to the cloud at scale""),
  (""AWS IoT"", ""facilitates"", ""optimizing industrial operations""),
  (""AWS IoT"", ""facilitates"", ""building differentiated consumer products""),
  (""AWS IoT"", ""facilitates"", ""reinventing smart buildings and cities""),
  (""AWS IoT"", ""facilitates"", ""transforming mobility""),
  (""Volkswagen Group"", ""collaborates"", ""with AWS IoT to strengthen production as a competitive factor""),
  (""iRobot"", ""uses"", ""serverless AWS architecture to handle traffic spikes""),
  (""Carrier"", ""collaborates"", ""with AWS to develop an ecosystem for the cold chain"")
]
```
"
Azure IoT,https://azure.microsoft.com/en-us,raw text/Azure_IoT_raw_text.txt,"Sure, I can format the information as a list of triples. Could you let me know which specific content on the Azure page you’d like converted into triples?"
Google Cloud IoT,https://cloud.google.com/,raw text/Google_Cloud_IoT_raw_text.txt,"- (""API Gateway"", ""Serverless"")
"
IBM Cloud,https://www.ibm.com/solutions/cloud,raw text/IBM_Cloud_raw_text.txt,"```text
[
  ('IBM Cloud', 'is', 'enterprise cloud platform'),
  ('IBM Cloud', 'targets', 'regulated industries'),
  ('IBM Cloud', 'ensures', 'high resilience'),
  ('IBM Cloud', 'ensures', 'high performance'),
  ('IBM Cloud', 'ensures', 'strong security'),
  ('IBM Cloud', 'ensures', 'compliance'),
  ('IBM Cloud', 'supports', 'hybrid cloud'),
  ('IBM Cloud', 'supports', 'AI workloads'),
  ('IBM Cloud', 'offers', 'IBM watsonx.ai on platform'),
  ('IBM Cloud', 'offers', 'IBM Cloud Object Storage'),
  ('IBM Cloud', 'offers', 'IBM Cloud Code Engine'),
  ('IBM Cloud', 'offers', 'GPU servers'),
  ('IBM Cloud', 'offers', 'Hyper Protect Virtual Servers'),
  ('IBM Cloud', 'offers', 'OpenShift on IBM Cloud'),
  ('IBM Cloud', 'offers', 'HPC solutions'),
  ('IBM Cloud', 'offers', 'Aspera fast file transfer'),
  ('IBM Cloud', 'offers', 'Cloud Security and Compliance Center'),
  ('IBM Cloud', 'offers', 'Carbon Calculator'),
  ('IBM Cloud', 'includes', 'self‑service support tools'),
  ('IBM Cloud', 'includes', 'community resources'),
  ('IBM Cloud', 'includes', 'developer resources'),
  ('IBM Cloud', 'includes', 'documentation'),
  ('IBM Cloud', 'includes', 'implementation services'),
  ('IBM Cloud', 'includes', 'training programs'),
  ('IBM Cloud', 'includes', 'technology lifecycle services'),
  ('IBM Cloud', 'has', 'promotions: VPC, Flex, GPU, Bare Metal'),
  ('IBM Cloud', 'offers', 'free tier with 40+ always‑free products'),
  ('IBM Cloud', 'offers', 'One Rate Plan for Object Storage with up to 75% off'),
  ('IBM Cloud', 'provides', '90% cost savings for CIO Hybrid Cloud platform'),
  ('IBM Cloud', 'is', 'leader in Omdia Universe global cloud services 2025'),
  ('IBM Cloud', 'collaborates with', 'SAP for hyperscaler option'),
  ('IBM Cloud', 'partners with', 'Intel for AI cost performance'),
  ('IBM Cloud', 'partnered with', 'BNP Paribas on multi‑year agreement')
]
```

These triples capture the most salient facts and offerings presented in the IBM Cloud product description."
Oracle Cloud,https://www.oracle.com/cloud/,raw text/Oracle_Cloud_raw_text.txt,"[
  (""This site"", ""is experiencing"", ""technical difficulty""),
  (""We"", ""are aware of"", ""the issue""),
  (""We"", ""are working to correct"", ""the issue as quickly as possible""),
  (""We"", ""apologize for"", ""any inconvenience this may have caused""),
  (""Oracle sales representative"", ""can be spoken to via"", ""1.800.ORACLE1""),
  (""Oracle Corporate Headquarters"", ""can be spoken to via"", ""1.650.506.7000""),
  (""Oracle technical support in the United States"", ""can be spoken to via"", ""1.800.633.0738""),
  (""Incident"", ""number"", ""0.47233e17.1769107173.892f91f"")
]"
Alibaba Cloud,https://www.alibabacloud.com/en?_p_lc=1,raw text/Alibaba_Cloud_raw_text.txt,"**Subject–Predicate–Object Triples**

1. (""Alibaba Cloud"", ""offers"", ""AI Search"")  
2. (""Alibaba Cloud"", ""offers"", ""80+ Cloud Products"")  
3. (""Alibaba Cloud"", ""provides"", ""1 million AI tokens"")  
4. (""Alibaba Cloud"", ""offers"", ""Free Trial – Start For Free"")  
5. (""Alibaba Cloud"", ""offers"", ""Free Expert‑Led Training Courses"")  
6. (""Alibaba Cloud"", ""offers"", ""Professional Certifications"")  
7. (""Alibaba Cloud"", ""is recognized by"", ""Forrester Wave, Public Cloud Platforms, Q4 2024"")  
8. (""Alibaba Cloud"", ""is recognized by"", ""Gartner (Leader in Public Cloud Platform)"")  
9. (""Alibaba Cloud"", ""is a leader in"", ""Public Cloud Platform"")  
10. (""Alibaba Cloud"", ""has"", ""29 Global Data Center Regions"")  
11. (""Alibaba Cloud"", ""has"", ""92 Available Zones"")  
12. (""Alibaba Cloud"", ""has"", ""3200+ CDN Nodes"")  
13. (""Alibaba Cloud"", ""holds"", ""150+ compliance certificates"")  
14. (""Alibaba Cloud"", ""offers"", ""100+ security features"")  
15. (""Alibaba Cloud"", ""partnered with"", ""Duolingo"")  
16. (""Alibaba Cloud"", ""partnered with"", ""Ford"")  
17. (""Alibaba Cloud"", ""partnered with"", ""Align Technology"")  
18. (""Alibaba Cloud"", ""partnered with"", ""Shiseido"")  
19. (""Alibaba Cloud"", ""partnered with"", ""Drunk Elephant"")  
20. (""Alibaba Cloud"", ""partnered with"", ""Piufoto"")  
21. (""Alibaba Cloud"", ""partnered with"", ""Futureverse"")  
22. (""Alibaba Cloud"", ""provides"", ""Qwen – most‑compliant open‑source LLM model"")  
23. (""Alibaba Cloud"", ""provides"", ""Lingma – AI coding assistant"")  
24. (""Alibaba Cloud"", ""provides"", ""AI Doc – digital document management"")  
25. (""Alibaba Cloud"", ""provides"", ""Model Studio – fast development of Gen‑AI apps"")  
26. (""Alibaba Cloud"", ""provides"", ""Platform for AI (PAI) – scalable, cost‑effective ML & DL platform"")"
Linode (Akamai Connected Cloud),https://www.linode.com/,raw text/Linode_(Akamai_Connected_Cloud)_raw_text.txt,"**Triples extracted from the Linode (Akamai Connected Cloud) product description**

1. (Akamai Cloud, *is described as*, “World’s most distributed cloud computing platform”)  
2. (Akamai Cloud, *allows*, “building and delivering low‑latency edge‑native applications”)  
3. (Hero Forge, *offers*, “secure, accessible GPU instances”)  
4. (GPU acceleration, *powers*, “AI and media workloads”)  
5. (GPU acceleration, *uses*, “on‑demand NVIDIA GPUs”)  
6. (GPU acceleration, *offers*, “cost‑effective pricing”)  
7. (Essential Compute, *matches*, “shared‑CPU, dedicated‑CPU, or high‑memory compute plans”)  
8. (App Platform, *deploys*, “cloud‑native applications on Kubernetes”)  
9. (App Platform, *provides*, “automated infrastructure”)  
10. (Managed Databases, *is*, “fully managed database service for MySQL and PostgreSQL”)  
11. (Object Storage, *stores*, “data for high availability, durability, or distribution”)  
12. (Cloud Computing Foundations Certification, *develops*, “foundational understanding of cloud computing”)  
13. (Cloud Computing Foundations Certification, *explores*, “Akamai’s cloud computing ecosystem”)  
14. (Lower your cloud bills, *achieves*, “reduced cloud costs”)  
15. (Deploy low‑latency apps, *enhances*, “performance of VMs, containers, storage, and databases”)  
16. (Scale across the globe, *controls*, “where data is managed” )  
17. (Get real cloud portability, *chooses*, “right technologies to power workloads”)  
18. (Akamai public cloud, *offers*, “up to US$5,000 in cloud credits”)  
19. (Akamai public cloud, *reduces*, “costs”)  
20. (Akamai public cloud, *increases*, “reliability”)  
21. (Akamai public cloud, *drives*, “results”)  


These triples capture the core product propositions, benefits, and services highlighted in the provided description."
Tencent Cloud,https://www.tencentcloud.com/,raw text/Tencent_Cloud_raw_text.txt,"**List of subject‑predicate‑object triples extracted from the Tencent Cloud product description**

1. (Tencent Cloud, has, “1 billion+ users of WeChat and QQ”)  
2. (Tencent Cloud, provides, “3200+ global CDN nodes”)  
3. (Tencent Cloud, operates in, “22 regions”)  
4. (Tencent Cloud, offers, “64 availability zones”)  
5. (Cloud Virtual Machine, is, “a secure, stable, highly flexible computing service”)  
6. (Cloud Object Storage, is, “a highly available, reliable, and scalable object storage service”)  
7. (Cloud Block Storage, is, “a reliable, scalable, and persistent block storage service”)  
8. (Tencent Cloud EdgeOne, provides, “L4/L7 security protection and acceleration services for global markets via edge nodes”)  
9. (Chat, supports, “one‑to‑one chat, group chat, chat room, system notifications, and other messaging capabilities”)  
10. (Real‑time Communication, builds, “audio call, video call, interactive live streaming applications within 30 minutes”)  
11. (Short Message Service, is, “a fast, stable, and easy‑to‑use messaging service with global reachability”)  
12. (Simple Email Service, is, “a secure, stable, and simple email push service”)  
13. (Cloud GPU Service, is, “a high‑density computing server with graphics processing capabilities”)  
14. (Cloud Dedicated Zone, deploys, “dedicated resources on the data center as required by the customer”)  
15. (Tencent Kubernetes Engine, is, “a scalable and high‑performing container management service”)  
16. (Tencent Kubernetes Engine for Serverless, is, “a secure, elastic, and cost‑effective serverless Kubernetes service”)  
17. (Tencent Container Registry, is, “a secure, dedicated container image distribution service”)  
18. (Cloud Function, is, “a secure and efficient serverless function computing platform”)  
19. (TDMQ for CKafka, is, “a high‑performance, Kafka‑compatible messaging system”)  
20. (TDMQ for CMQ, is, “a high‑performance message queuing service”)  
21. (Cloud Log Service, is, “a one‑stop logging solution for log collection, search, and analysis”)  
22. (Cloud Infinite, is, “an efficient intelligent image recognition and processing service”)  
23. (Cloud File Storage, is, “a secure and scalable file sharing and storage solution”)  
24. (TencentDB for MySQL, is, “a high‑performance, reliable, and flexible database hosting service”)  
25. (TencentDB for SQL Server, is, “a licensed SQL Server database in the cloud”)  
26. (TencentDB for PostgreSQL, is, “an open‑source database supporting geospatial data processing”)  
27. (TencentDB for Redis, is, “a high‑performance, low‑latency, and scalable Redis database”)  
28. (TencentDB for MongoDB, is, “a high‑performance distributed MongoDB database”)  
29. (TencentDB for CTSDB, is, “a powerful, distributed, and scalable time‑series database”)  
30. (Cloud Video on Demand, is, “a media transcoding and distribution platform”)  
31. (Cloud Streaming Services, is, “a fast, stable, and professional live‑streaming service”)  
32. (Cloud Contact Center, empowers, “customer success with embedded Cloud Contact Center capabilities”)  
33. (Game Multimedia Engine, is, “a gaming voice solution that is easy to integrate”)  
34. (Game Media Solution, offers, “video transcoding, content summarizer, content organizer, visual enhancement”)  
35. (DNSPod, provides, “fast, stable, and highly available DNS services”)  
36. (Private DNS, provides, “secure, stable, and efficient private DNS service”)  
37. (SSL Certificate Service, provides, “a one‑stop digital certificate management service”)  
38. (Lighthouse, offers, “free 3‑month trial (RAM 2GB, CPU 2 vCPU, high‑cost‑performance, stable, reliable)”)  
39. (TRTC, offers, “free monthly quota of 10 000 minutes for audio/video calls and interactive live streaming”)  
40. (EdgeOne, offers, “unmetered CDN traffic and DDoS mitigation with China access, permanently valid, no credit‑card required”)  
41. (Compliance Center, offers, “security, privacy, and compliance capabilities”)  
42. (Global Infrastructure, contains, “3200+ CDN nodes, 22 regions, 64 availability zones”)  

*These triples capture the main facts and service descriptions presented in the supplied product overview.*"
Cloudflare,https://www.cloudflare.com/,raw text/Cloudflare_raw_text.txt,"[
  (“First name”, “Text Input”, “Required”),
  (“Last name”, “Text Input”, “Required”),
  (“Phone”, “Text Input”, “Required”),
  (“Work email”, “Text Input”, “Required”),
  (“Company”, “Text Input”, “Required”),
  (“Job level”, “Dropdown”, “Required”),
  (“Job function”, “Dropdown”, “Required”),
  (“Country”, “Dropdown”, “Required”),
  (“Stay in touch with Cloudflare”, “Checkbox”, “Optional”),
  (“Terms of Service”, “Accept Link”, “Required”),
  (“Collection and Use of Personal Information”, “Accept Link”, “Required”),
  (“Sharing of a limited amount of Personal Information overseas”, “Accept Link”, “Required”),
  (“Sharing of a limited amount of Personal Information to marketing third‑parties”, “Accept Link”, “Optional”)
]"
Salesforce,https://www.salesforce.com/,raw text/Salesforce_raw_text.txt,"**Subject–Predicate–Object Triples Extracted from the Salesforce Product Description**

1. (Salesforce, is, “#1 AI CRM”)  
2. (Salesforce, provides, unified set of applications)  
3. (Salesforce, is powered by, agentic AI)  
4. (Salesforce, is powered by, data)  
5. (Salesforce, brings, companies and customers together)  
6. (Salesforce, helps, every department to work as one)  
7. (Agentforce, transforms, Sales, Service, Commerce, Marketing, IT)  
8. (Agentforce, unites, apps, data, agents)  
9. (Agentforce, is on, one trusted platform)  
10. (Agentforce, delivers, proven ROI)  
11. (Agentforce, handles, 2.5 M+ conversations)  
12. (Agentforce, achieves, 66 % autonomous case resolution)  
13. (Agentforce, increases, marketing pipeline by 15 %)  
14. (Agentforce, raises, lead conversion by 1.8×)  
15. (Salesforce free CRM, is, “free, all‑in‑one CRM for small businesses”)  
16. (Free CRM, consolidates, customer activity, pipeline, marketing campaigns, service cases)  
17. (Free CRM, offers, full visibility into business)  
18. (Salesforce platform, contains, Data Cloud)  
19. (Salesforce platform, contains, workflow layer)  
20. (Salesforce platform, contains, AI layer)  
21. (Salesforce platform, contains, security layer)  
22. (Salesforce platform, hosts, Agentforce)  
23. (Salesforce platform, brings together, apps, data, agents, metadata)  
24. (Salesforce platform, ensures, AI and business scale securely, reliably, confidently)  
25. (Salesforce, offers, 16+ Agentforce solutions)  
26. (Agentforce solutions, are, built for each industry)  
27. (Financial Services solution, connects with, customers proactively)  
28. (Retail solution, acquires, profitable customers faster)  
29. (Healthcare & Life Sciences solution, elevates, workforce with AI agents)  
30. (Construction & Real Estate solution, streamlines, processes)  
31. (Education solution, boosts productivity, enhances 24/7 student support)  
32. (Professional Services solution, increases client trust, recruits talent)  
33. (Technology solution, automates workflows, unifies data, thrives in new era)  
34. (Manufacturing solution, integrates, data across unified value chain)  
35. (Salesforce, is voted, #1 Global Software Company on G2)  
36. (Salesforce, is #1 Global Software Company on G2)  
37. (Salesforce, receives, Gartner “Leader” award)  
38. (Salesforce, receives, Valoir report “16 × faster agent delivery” award)  
39. (Salesforce, receives, Valoir report “75 % increased agent accuracy” award)  
40. (Agentblazer program, teaches, essential AI and Agentforce skills)  
41. (Agentblazer Champion, can, explain Agentforce concepts)  
42. (Agentblazer Innovator, can, implement Agentforce solutions)  
43. (Agentblazer Legend, can, design complex strategies)  
44. (Salesforce values, trust, customer success, innovation, equality, sustainability)  
45. (Salesforce, invests, 1 % of equity, technology, time in global change)  
46. (Salesforce, is founder of, Pledge 1 %)  
47. (Salesforce, provides, Dreamforce community)  
48. (Salesforce, offers, partner ecosystem through AppExchange)  
49. (Salesforce, offers, free 30‑day trial)  
50. (Salesforce, is cloud‑based, agentic solutions)  
51. (Salesforce, helps, find more leads, close more deals, provide better service)  
52. (Salesforce CRM, supports, growth for startups, small businesses, large enterprises)  
53. (Salesforce CRM, is flexible, scalable)  
54. (Salesforce platform, allows, paying only for used services)  
55. (Salesforce platform, grows with, your business)

These triples capture the main factual relationships and claims presented in the product description."
Apple Watch Series 11 Amazon Page,https://www.amazon.com/Apple-Watch-Smartwatch-Aluminum-Always/dp/B0FQF9ZX7P/ref=sr_1_11?crid=108RRKEJVL294&dib=eyJ2IjoiMSJ9.zTbJrgpN_9X1fDio2GYFftYmRx9CG5wkuhzMr0eSZitrEWEZOnae9x0wLm1eZuzrMWn5RyzxvMs3whriDBMoWJRZ1FbDal-lDII--jicMIGVUkHjEE_HEs9UVZYGYgly3Y5m7v_H6Pr3ZWCJvytRI7mEYIlKUvTv4sxXPy9RLWeXqpX1tTn52Rd4S-I83sSXe-_abhlskNn-GXfFpZgyGpdOqXm_OLpg-0NIBmNHUJM.8lwwfMVOo7q35Wtg1NTLKjWJ994mL1yWjMWE6gc61wU&dib_tag=se&keywords=smart%2Bwatch&qid=1769265919&sprefix=smar%2Caps%2C920&sr=8-11&th=1,raw text/Apple_Watch_Series_11_Amazon_Page_raw_text.txt,"**List of Apple Watch Series 11 key features – formatted as triples**  

1. (""Display"", ""7.3‑inch Retina LTPO OLED"", ""1,020,000 ppi resolution"")  
2. (""Form factor & sensors"", ""6.05 mm thick; 4.8 mm front sensor + 2.5 mm back sensor"", ""12×12 sensor array, 18 s charge delivers ~4× battery life"")  
3. (""Connectivity & processing"", ""Built‑in GPS, Bluetooth LE, Wi‑Fi, NFC"", ""8‑core processor powers next‑gen features"")  
4. (""Health monitoring – arrhythmia"", ""18‑stage heart‑arrhythmia detection (includes 3‑stage analysis)"", ""Automatic ECG, blood‑oxygen detection, stress monitoring, blood‑pressure monitoring"")  
5. (""Vitals & motion sensors"", ""Blood‑pressure monitor; heart‑rate monitor; body‑temperature monitoring"", ""100‑Hz accelerometer; 2‑G (10‑G) sensor for movement detection"")  
6. (""Voice control"", ""5× better voice control via Siri"", ""—"")  
7. (""Battery life"", ""45 h capacity (0.7 V higher)"", ""Up to 2× longer for quick 1‑minute answers or extended battery use"")"
Amazon Fire TV Stick Amazon Page,https://www.amazon.com/Amazon-newest-AI-powered-Search-million/dp/B0F7Z4QZTT/ref=sr_1_1?crid=14M57D8W5UV3C&dib=eyJ2IjoiMSJ9.5Jq38u5xJ09qYPVqbhrMIoajvL40XxHiiqOqJOuWz_n27pfWiVT3NWQw9VDWhodQPk2hU3ibMfeOhLrvXOcp74yeWDSXhGQrn7gmAZgy8BjdU0O5slKOcnB9qe-dUZSG1NgKfR2g_ZoEW6-p4ntN-AmP3iDQAiFNFcbSyPtF0ILo2aPSbI4-kDnZR-4ilUvaL1uBD5suci1Gzfrc_X9CbURdZyqzXrlb2Y_gPvirFLA.b_5Fjh99Ml_1MSWh8NBsMBsRFjHvlzAnji0UB4JiPLA&dib_tag=se&keywords=amazon%2Bfire%2Btv&qid=1769266378&sprefix=amazon%2Bfi%2Caps%2C509&sr=8-1&th=1,raw text/Amazon_Fire_TV_Stick_Amazon_Page_raw_text.txt,"Triples:  

1. **The Fire TV Stick – device – iPhone**  
2. **Volume control – TV Stick – Roku**  
3. **Roku TV – TV – Fire TV stick**  
4. **Product – packaging – installation**"
Amazon Echo Dot Amazon Page,http://amazon.com/Amazon-vibrant-helpful-routines-Charcoal/dp/B09B8V1LZ3/ref=sr_1_2?crid=MYQRPVLYJQZI&dib=eyJ2IjoiMSJ9.B7_8O8bxrKGFgKiTuA3oziI0IZTGCw5wmNUcr1eY0lPa_7bNsVhcfgv18ygxnktbzu_i6QJDa1EJfRpFx15KRPAEkhW86i9TjSF0BV7gWAX7eRN5Z7BCv7uf0O3uwZJG84k2KLZF-C92DoY7jwE1hg1lzZaxUKW9yRkxmoc0FKUAj5kEFtvIuVn4njI4r2nNVx44PzKELL75rhlK4B790_9ysmT0leb8v6wZvAps9D8.zXg0Q9gmYx7NYqmI6XqGPdBkpC5S7rexhxGD4M8Smqg&dib_tag=se&keywords=amazon+echo&qid=1769266437&sprefix=amazon+echo%2Caps%2C330&sr=8-2,raw text/Amazon_Echo_Dot_Amazon_Page_raw_text.txt,"The Amazon Echo Dot 3rd Generation (4K) review page contains the following reviews.  
Each review is represented as a triple **(review title, rating, excerpt)**:

```
[
  (""Great sound, but not worth it."", 5, ""I just received the Echo Dot... great price for the first ...""),
  (""Great sound, very convenient"", 4, ""Great sound, very convenient.""),
  (""Great sound, but not worth it."", 5, ""I just received the Echo Dot... great price for the first ...""),
  (""Great sound, easy to use."", 5, ""This is my 1st Echo device...""),
  (""Alexa Makes Life Easier."", 5, ""I love my Echo Dot... the experience was seamless."")
]
```"
Samsung Smart Fridge Amazon Page,https://www.amazon.com/SAMSUNG-RF29DB9900QD-Stainless-4-Door-Refrigerator/dp/B0DDJPDNVP/ref=sr_1_3?crid=2B2UBLZ0GGSSA&dib=eyJ2IjoiMSJ9.edENUNDH9WToSqqbfE0pmAP6Z1EgUXAUmwAwcfgQl5n_Fkdpke7Mu6-nBhYtT9QmpCP32EBGeTXVn81FM039KBYBctjEbMFTAAzy5cvk-ABFDRbLZus8Qfdyb7ZCLrqQ7sAkZdicD2Rr63TWZQW0ChvCEpFRnNpQl5rbFJcAuRmvWpSTrHuJLff8raWcCkGsxt91P6LBErPh24tB_XbgovwCW9--_eYvJmqXUlTYLKI.x2FjVbkY0UkHM4WHudDudcoOCaUZhA5vofTutkpk6uY&dib_tag=se&keywords=smart+fridge&qid=1769266480&sprefix=smart+fridg%2Caps%2C265&sr=8-3,raw text/Samsung_Smart_Fridge_Amazon_Page_raw_text.txt,"[
  (""icemaker malfunction"", ""Frequent icemaker failure leading to ice buildup that floods the countertop weekly, requiring costly repairs (~$700)"", 1),
  (""advertisements on appliance screen"", ""After purchase, the refrigerator’s display begins showing advertising content that annoys users"", 1),
  (""rapid icing/flooding"", ""The unit quickly accumulates ice, often within less than a week, resulting in flooding of the unit and floor"", 1),
  (""short product lifespan"", ""Multiple reviewers report that all Samsung refrigerators fail prematurely, with major issues occurring within weeks of use"", 1),
  (""poor customer service"", ""Customer support admits icemaker issues but refuses to fix them, citing high repair costs"", 1),
  (""inconsistent cooling performance"", ""Frequent frosting and ice over the entire unit disrupts cooling and causes flooding"", 1)
]"
Govee Smart Light Bulbs Amazon Page,https://www.amazon.com/Govee-Changing-Dynamic-Bluetooth-Assistant/dp/B09B7NQT2K/ref=sr_1_2?crid=3BYOT361Q1WPY&dib=eyJ2IjoiMSJ9.lVB7GzavqCrBfgQjF8OOHVIl-cm2Lo1IR50FXlbHMCFTQccOV0MZZ9mSVU4Q_DfUgJNFiS6XqTewCzsZS8CsDHu46HQ9t_J7HOWCUW7G0VSJ4Bluvpw-p4rOQ6hDqgwN0s_6puCT2l7hTLKkWTdZc1quBz8tbKxeixUfQKHyEJCxT0e7TlbBHm0gKgU_jZHHHkEBwat8pygPAE-R_Nd5KBycsOS4bXFndCyxLvBEz4plQSyMu9KsPe0ULzhLhjPqfhiGfN0-8AhqFHGVM4OStt_HsgBSSu5Yu-0eT448-6k.nssb7TbMTHvTjG_6vLYHQUdVdS7XpTDwedNjWesT78o&dib_tag=se&keywords=smart+lighting&qid=1769266544&sprefix=smart+lightin%2Caps%2C227&sr=8-2,raw text/Govee_Smart_Light_Bulbs_Amazon_Page_raw_text.txt,"**Product‑listing page policy triples**

1. **(Amazon’s Product Page Content Policy, “Any content on a product‑detail page must be a truthful representation of the listed product, including its condition, brand, and key specifications, and may not be misleading, false or unverified, especially for used or refurbished items.”, “https://www.amazon.com/gp/help/customer/display.html?nodeId=202068160”)**  

2. **(Restricted Content – Explicit or Violence, “Amazon removes any product‑detail page that includes pornographic or violent content, or that links to sites containing such media.”, “https://www.amazon.com/gp/help/customer/display.html?nodeId=202068160”)**  

3. **(Restricted Content – Drugs & Health, “Product pages for prescription drugs, medical devices, or other regulated health items must comply with local law and only include legitimate, licensed sellers.”, “https://www.amazon.com/gp/help/customer/display.html?nodeId=202068160”)**  

4. **(Product Listing Requirements – Condition, “All items must be accurately labeled as ‘New,’ ‘Used,’ or ‘Refurbished,’ and sellers must provide the condition in the title or description.”, “https://www.amazon.com/gp/help/customer/display.html?nodeId=202068160”)**  

5. **(Product Listing Requirements – Authenticity, “Sellers must not list counterfeit, pirated or unlicensed products; authenticity must be verifiable.”, “https://www.amazon.com/gp/help/customer/display.html?nodeId=202068160”)**  

6. **(Branding & Intellectual Property, “Product images, title, description and metadata must reflect real product branding and cannot include copyrighted or trademarked content unless royalty‑free or the seller owns the rights.”, “https://www.amazon.com/gp/help/customer/display.html?nodeId=202068160”)**  

7. **(Product Images – Size & Quality, “Images must be 1000 px or larger in the longest dimension to enable zoom, must not be water‑marked, have opaque backgrounds, and should not be altered to change the product appearance.”, “https://www.amazon.com/sellercentral/help/hub/202202160”)**  

8. **(Product Images – Repetition Rules, “No duplicate images are allowed across listings; each image file must be unique or belong to a separate product.”, “https://www.amazon.com/sellercentral/help/hub/202202160”)**  

9. **(Product Titles – Length & Detail, “Titles may be up to 200 characters, should include brand, item type, key feature, and size/quantity, but must not contain irrelevant promotional text or customer reviews.”, “https://www.amazon.com/sellercentral/help/hub/202202160”)**  

10. **(Product Titles – Keyword Use, “Title keywords must reflect the product’s attributes; search‑engine optimization is allowed only if the keywords are accurate and not used for misleading search purposes.”, “https://www.amazon.com/sellercentral/help/hub/202202160”)**  

11. **(Product Variations, “Product variations (different colors, sizes, etc.) must share the same SKU per variation set and cannot be used to hide distinct SKUs.”, “https://www.amazon.com/gp/help/customer/display.html?nodeId=202068160”)**  

12. **(Customer Reviews – Authenticity, “All reviews and ratings must reflect real customer experiences; fabricated or incentivized reviews are prohibited.”, “https://www.amazon.com/gp/help/customer/display.html?nodeId=202068160”)**  

13. **(Customer Reviews – Content Restrictions, “Disallowed content includes profanity, hate speech, sexual content, and personally identifying information.”, “https://www.amazon.com/gp/help/customer/display.html?nodeId=202068160”)**  

14. **(Product Page Content – Policy Updates, “Sellers must stay current with policy changes; changes typically appear within 24 h on the seller central help page.”, “https://www.amazon.com/gp/help/customer/display.html?nodeId=202068160”)**  

15. **(Compliance & Enforcement, “Violation of policy can result in listing removal, account suspension, or legal action; sellers are encouraged to read Amazon’s full policy documentation.”, “https://www.amazon.com/gp/help/customer/display.html?nodeId=202068160”)**"
Aeotec Smart Home Hub Amazon Page,https://www.amazon.com/Aeotec-SmartThings-Gateway-Compatible-Assistant/dp/B08TWDNQ5Q/ref=sr_1_11?crid=DYIO1UN21WCJ&dib=eyJ2IjoiMSJ9.JL-1xoYpxP8p6YmGk8TF-b3Y5Mgk3kpoBQOeeLC6_rfyDORB_v3-wG2-KYTGgadv12HqQpxHEY5GTdCA0qJsB9QsRFvwsYP2SF2I51i1Heq81T2rDDvKQoHing6tjfPzCD94FkFyiEOTrxiaTcmHXzY_EDpQpfmAslc7e6xHo78jIB2YsuEcj0hXIr8tse-uSsQVw317pzklunYTFTqoBrs7ewxpOznzVlg1ZOBAVv6d6GIcbUp8YaT9mBjO-zypHj6gRZoUPQthL6mMMf-GJ-iZZZHvU3eMEJkpv168Eb8.zZeWbavz3VpgLN9jvyemRc6zpn6gMniMKZMsO8XDhcE&dib_tag=se&keywords=smart%2Bthings&qid=1769266580&sprefix=smart%2B%2Caps%2C459&sr=8-11&th=1,raw text/Aeotec_Smart_Home_Hub_Amazon_Page_raw_text.txt,"**Triples extracted from the Amazon product page**

1. (Aeotec Smart Home Hub, “title”, “Aeotec Smart Home Hub, Works as a SmartThings Hub, Z‑Wave, Zigbee, Matter Gateway, Compatible with Alexa, Google Assistant, WiFi”)

2. (Aeotec Smart Home Hub, “price”, “$249.99”)

3. (Aeotec Smart Home Hub, “description”, “Aeotec Smart Home Hub combines the SmartThings hub’s intuitive integration with the powerful, flexible capabilities of all‑major Wi‑Fi, Matter, Zigbee, and Z‑Wave protocols—all in one compact hub. It’s compatible with Amazon Alexa, Google Assistant, and all major SmartThings‑supported devices, allowing you to build a unified smart‑home ecosystem regardless of brand.”)"
Samsung Galaxy Smart Tag Amazon Page,http://amazon.com/SAMSUNG-SmartTag2-Bluetooth-Tracker-Tracking/dp/B0CCBXRYRC/ref=sr_1_16?crid=DYIO1UN21WCJ&dib=eyJ2IjoiMSJ9.JL-1xoYpxP8p6YmGk8TF-b3Y5Mgk3kpoBQOeeLC6_rfyDORB_v3-wG2-KYTGgadv12HqQpxHEY5GTdCA0qJsB9QsRFvwsYP2SF2I51i1Heq81T2rDDvKQoHing6tjfPzCD94FkFyiEOTrxiaTcmHXzY_EDpQpfmAslc7e6xHo78jIB2YsuEcj0hXIr8tse-uSsQVw317pzklunYTFTqoBrs7ewxpOznzVlg1ZOBAVv6d6GIcbUp8YaT9mBjO-zypHj6gRZoUPQthL6mMMf-GJ-iZZZHvU3eMEJkpv168Eb8.zZeWbavz3VpgLN9jvyemRc6zpn6gMniMKZMsO8XDhcE&dib_tag=se&keywords=smart+things&qid=1769266580&sprefix=smart+%2Caps%2C459&sr=8-16,raw text/Samsung_Galaxy_Smart_Tag_Amazon_Page_raw_text.txt,"[
  (""Samsung Galaxy SmartTag2"", ""product type"", ""Bluetooth Tracking Device""),
  (""Samsung Galaxy SmartTag2"", ""primary connectivity"", ""Bluetooth Low Energy (BLE)""),
  (""Samsung Galaxy SmartTag2"", ""additional connectivity"", ""Ultra Wide Band (UWB) for precise ranging""),
  (""Samsung Galaxy SmartTag2"", ""target devices"", ""Android phones/tablets running version 11 or later, iOS 7.0 or later""),
  (""Samsung Galaxy SmartTag2"", ""key features"", ""Smart Things integration, Find My and Find My Friends compatibility, voice prompts, and location-based notifications""),
  (""Samsung Galaxy SmartTag2"", ""battery type"", ""CR2032 coin cell""),
  (""Samsung Galaxy SmartTag2"", ""battery life expectation"", ""approximately 1 year under typical usage""),
  (""Samsung Galaxy SmartTag2"", ""size"", ""approximately 49 mm in diameter, 2 mm thick""),
  (""Samsung Galaxy SmartTag2"", ""weight"", ""32 g (including battery)""),
  (""Samsung Galaxy SmartTag2"", ""physical durability"", ""IP67 rated for dust resistance and splash protection""),
  (""Samsung Galaxy SmartTag2"", ""price range"", ""$23.99 – $25.99 (one pack, various online retailers)""),
  (""Samsung Galaxy SmartTag2"", ""use case"", ""items finder for keys, wallet, luggage, pets, and small personal belongings""),
  (""Samsung Galaxy SmartTag2"", ""compatibility with voice assistants"", ""Amazon Alexa, Google Assistant, and Apple Siri via respective smart home ecosystems (Alexa and Google Assistant)""),
  (""Samsung Galaxy SmartTag2"", ""app integration"", ""Samsung SmartThings app for Android and iOS, Apple Find My app for UWB enabled devices""),
  (""Samsung Galaxy SmartTag2"", ""special features"", ""Smart Home Remote Control for lights, outlets, cameras via SmartThings app, and Find My Friends location sharing"")
]"
GHome Smart Plug Amazon Page,https://www.amazon.com/GHome-Smart-Compatible-Function-Required/dp/B0D7ZW512L/ref=sr_1_54?crid=DYIO1UN21WCJ&dib=eyJ2IjoiMSJ9.JL-1xoYpxP8p6YmGk8TF-b3Y5Mgk3kpoBQOeeLC6_rfyDORB_v3-wG2-KYTGgadv12HqQpxHEY5GTdCA0qJsB9QsRFvwsYP2SF2I51i1Heq81T2rDDvKQoHing6tjfPzCD94FkFyiEOTrxiaTcmHXzY_EDpQpfmAslc7e6xHo78jIB2YsuEcj0hXIr8tse-uSsQVw317pzklunYTFTqoBrs7ewxpOznzVlg1ZOBAVv6d6GIcbUp8YaT9mBjO-zypHj6gRZoUPQthL6mMMf-GJ-iZZZHvU3eMEJkpv168Eb8.zZeWbavz3VpgLN9jvyemRc6zpn6gMniMKZMsO8XDhcE&dib_tag=se&keywords=smart+things&qid=1769266580&sprefix=smart+%2Caps%2C459&sr=8-54,raw text/GHome_Smart_Plug_Amazon_Page_raw_text.txt,"**Triples describing the “GHome Smart Plug” product**

1. **(GHome Smart Plug, *is manufactured by*, GHome Smart)**
2. **(GHome Smart Plug, *supports*, Alexa & Google Home voice control)**
3. **(GHome Smart Plug, *operates on*, 2.4 GHz Wi‑Fi only)**
4. **(GHome Smart Plug, *requires no*, hub)**
5. **(GHome Smart Plug, *offers*, app‑based remote control)**
6. **(GHome Smart Plug, *provides*, scheduling & timer functions)**
7. **(GHome Smart Plug, *has*, power rating up to 130 W (5 A) on a 120 V circuit)**
8. **(GHome Smart Plug, *fits into*, 15‑A domestic outlets)**
9. **(GHome Smart Plug, *supports*, E‑label, FCC, and ETL safety certification)**
10. **(GHome Smart Plug, *available in*, 1 piece pack, 5‑piece pack, 10‑piece pack)**
11. **(GHome Smart Plug, *sold for*, $22.99 (with discount) in the U.S.)**

(Note: product price, SKU, and other detailed attributes reflect the current Amazon listing.)"
Ring Doorbell Camera Amazon Page,https://www.amazon.com/GHome-Smart-Compatible-Function-Required/dp/B0D7ZW512L/ref=sr_1_54?crid=DYIO1UN21WCJ&dib=eyJ2IjoiMSJ9.JL-1xoYpxP8p6YmGk8TF-b3Y5Mgk3kpoBQOeeLC6_rfyDORB_v3-wG2-KYTGgadv12HqQpxHEY5GTdCA0qJsB9QsRFvwsYP2SF2I51i1Heq81T2rDDvKQoHing6tjfPzCD94FkFyiEOTrxiaTcmHXzY_EDpQpfmAslc7e6xHo78jIB2YsuEcj0hXIr8tse-uSsQVw317pzklunYTFTqoBrs7ewxpOznzVlg1ZOBAVv6d6GIcbUp8YaT9mBjO-zypHj6gRZoUPQthL6mMMf-GJ-iZZZHvU3eMEJkpv168Eb8.zZeWbavz3VpgLN9jvyemRc6zpn6gMniMKZMsO8XDhcE&dib_tag=se&keywords=smart+things&qid=1769266580&sprefix=smart+%2Caps%2C459&sr=8-54,raw text/Ring_Doorbell_Camera_Amazon_Page_raw_text.txt,"- [""GHome Smart Plug"", ""category"", ""Amazon Electronics""]
- [""GHome Smart Plug"", ""compatible_with"", ""Alexa""]
- [""GHome Smart Plug"", ""compatible_with"", ""Google Home""]
- [""GHome Smart Plug"", ""feature"", ""remote control via GHome Smart Plug app""]
- [""GHome Smart Plug"", ""feature"", ""smart outlet timer""]
- [""GHome Smart Plug"", ""connectivity"", ""2.4 GHz WiFi""]
- [""GHome Smart Plug"", ""hub_required"", ""No""]
- [""GHome Smart Plug"", ""certification"", ""ETL""]
- [""GHome Smart Plug"", ""certification"", ""FCC""]
- [""GHome Smart Plug"", ""color"", ""White""]
- [""GHome Smart Plug"", ""power_rating"", ""110‑120 V AC""]
- [""GHome Smart Plug"", ""max_current"", ""15 A""]
- [""GHome Smart Plug"", ""power_source"", ""AC""]
- [""GHome Smart Plug"", ""timer_enabled"", ""Yes""]
- [""GHome Smart Plug"", ""safety_warning"", ""Keep out of reach of children and pets""]
- [""GHome Smart Plug"", ""safety_warning"", ""Do not expose to liquids or corrosive materials""]
- [""GHome Smart Plug"", ""safety_warning"", ""Do not exceed maximum voltage rating""]
- [""GHome Smart Plug"", ""safety_warning"", ""Do not exceed power input rating""]
- [""GHome Smart Plug"", ""safety_warning"", ""Do not exceed weight limit""]
- [""GHome Smart Plug"", ""included_items"", ""1 GHome Smart Plug""]
- [""GHome Smart Plug"", ""brand"", ""GHome Smart Plug""]
- [""GHome Smart Plug"", ""product_ID"", ""GSP1""]
- [""GHome Smart Plug"", ""packaging"", ""1 Box""]
- [""GHome Smart Plug"", ""package_dimensions"", ""4.30 x 4.40 x 1.70 inches""]
- [""GHome Smart Plug"", ""item_weight"", ""0.26 lbs""]
- [""GHome Smart Plug"", ""warranty"", ""1 year""]
- [""GHome Smart Plug"", ""connectivity"", ""2.4 GHz Wi-Fi Only""]
- [""GHome Smart Plug"", ""remote_control"", ""APP Remote Control""]
- [""GHome Smart Plug"", ""easy_setup"", ""One‑step pairing with WiFi""]
- [""GHome Smart Plug"", ""feature"", ""Reliable connectivity ensures stable operation""]
- [""GHome Smart Plug"", ""feature"", ""Smart outlet timer integrates with Alexa and Google Home""]"
Ring Indoor Camera Amazon Page,https://www.amazon.com/introducing-the-all-new-Ring-Indoor-Cam/dp/B0B6GLQJMV/ref=sr_1_1?dib=eyJ2IjoiMSJ9._Gjw85RCyMzZxZF9-1GrsAeNAd8-4Pl0VlhFW2DbZ9QFgAGpUjtQALOjkzGvp8KqqLSOGN1Mv-lqK6c4CK_-O1jFCV-FEj6HWr-F03Uzq0-m9CAvcehxrPwYIGBnf-Tu9Y5qNmwDCf_CmOTeajNtqEB9OBaCAuyFwUwOpZuTHOeYJ-l2Nsd0ZvPf78ZuaJBjY6kqkIu3zky1jhBEP4kv2wDy7D7CizDIxIauaY2ZED8.jSF85GPr54yVCeU3pZ2xZzIzqpiiN28nAjnc2RKc9hg&dib_tag=se&keywords=ring%2Bcamera&qid=1769266741&sr=8-1&th=1,raw text/Ring_Indoor_Camera_Amazon_Page_raw_text.txt,"**Triples (Subject – Predicate – Object)**

1. (Ring Smart Cam – “hasResolution” – “1080pHD”)  
2. (Ring Smart Cam – “hasVideoFrameRate” – “30fps”)  
3. (Ring Smart Cam – “hasAudioFeature” – “two‑wayAudio”)  
4. (Ring Smart Cam – “supportsConnectivity” – “2.4GHzWi‑Fi”)  
5. (Ring Smart Cam – “supportsIntegrationWith” – “AmazonAlexa”)  
6. (Ring Smart Cam – “supportsAppControlVia” – “RingApp”)  
7. (Ring Smart Cam – “hasNightVision” – “true”)  
8. (Ring Smart Cam – “hasMotionDetection” – “true”)  
9. (Ring Smart Cam – “offersColorOptions” – “White”)  
10. (Ring Smart Cam – “offersColorOptions” – “Black”)  
11. (Ring Smart Cam – “offersSubscriptionOption” – “optional 24‑hour video coverage”)  
12. (Ring Smart Cam – “offersSavings” – “60% savings on subscription plans”)  
13. (Ring Smart Cam – “hasWarranty” – “12‑month”)  
14. (Ring Smart Cam – “supportsWirelessConnectivity” – “2.4GHzWi‑Fi”)  
15. (Ring Smart Cam – “supportsVoiceControl” – “Amazon Alexa”)  
16. (Ring Smart Cam – “hasViewRange” – “360°”)  
17. (Ring Smart Cam – “hasViewScope” – “15.5inHDMonitor”)  
18. (Ring Smart Cam – “offersInstallation” – “plug‑and‑play”)  
19. (Ring Smart Cam – “requiresSubscriptionFor” – “live video”)  
20. (Ring Smart Cam – “isCompatibleWith” – “Ring Smart Home System”)"
Ring Camera Review,https://www.safehome.org/home-security-cameras/ring/reviews/,raw text/Ring_Camera_Review_raw_text.txt,"- (""Ring Indoor Cam"", ""type"", ""Indoor camera"")
- (""Ring Indoor Cam"", ""price"", ""$49.99"")
- (""Ring Indoor Cam"", ""description"", ""Compact and budget‑friendly at $49.99, ideal for apartments and basic indoor monitoring"")
- (""Ring Spotlight Cam Pro Battery"", ""type"", ""Outdoor camera"")
- (""Ring Spotlight Cam Pro Battery"", ""price"", ""$199.99"")
- (""Ring Spotlight Cam Pro Battery"", ""description"", ""Two‑way talk, built‑in siren, colour night vision, 3‑D motion detection, bird’s‑eye view"")
- (""Ring Spotlight Cam Plus Battery"", ""type"", ""Outdoor camera"")
- (""Ring Spotlight Cam Plus Battery"", ""price"", ""$149.99"")
- (""Ring Spotlight Cam Plus Battery"", ""description"", ""1080p HD, motion alerts, motion‑activated spotlight, two‑way talk, siren"")
- (""Ring Floodlight Cam Wired Plus"", ""type"", ""Outdoor camera"")
- (""Ring Floodlight Cam Wired Plus"", ""price"", ""$179.99"")
- (""Ring Floodlight Cam Wired Plus"", ""description"", ""1080p HD, 3‑D motion detection, bird’s‑eye view, two‑way talk, siren"")
- (""Ring Outdoor Cam Battery"", ""type"", ""Indoor/outdoor camera"")
- (""Ring Outdoor Cam Battery"", ""price"", ""$79.99"")
- (""Ring Outdoor Cam Battery"", ""description"", ""360° resolution, colour night vision, advanced motion detection, customisable motion zones"")
- (""Pan‑Tilt Indoor Cam"", ""type"", ""Indoor camera"")
- (""Pan‑Tilt Indoor Cam"", ""price"", ""$129.99"")
- (""Pan‑Tilt Indoor Cam"", ""description"", ""360° horizontal pan, tilt functionality, 1080p HD, colour night vision, privacy cover"")"
Google Smart Home Devices Review,https://www.cnet.com/home/smart-home/best-google-smart-home-devices/,raw text/Google_Smart_Home_Devices_Review_raw_text.txt,"[
  (""John Paul Kain"", ""Pixel 8 Pro is an upgrade, but you should just buy the Pixel 8"",
   ""The Pixel 8 Pro is only a tiny step up from the Pixel 5, offering a similar camera and processor performance but at a much higher price point, making the Pixel 8 a better value.""),
  (""John Paul Kain"", ""Pixel 8 Pro is an upgrade, but you should just buy the Pixel 8"",
   ""The 5‑second autofocus, updated night mode and software refinements on the Pixel 8 Pro give the camera a small bump in performance, but these incremental gains do not justify the extra cost.""),
  (""John Paul Kain"", ""Pixel 8 Pro is an upgrade, but you should just buy the Pixel 8"",
   ""At roughly $800+ the Pixel 8 Pro’s price overshadows its marginal improvements—customers are advised to buy the cheaper Pixel 8, which delivers comparable specs for less.""),
  (""John Paul Kain"", ""Pixel 8 Pro is an upgrade, but you should just buy the Pixel 8"",
   ""The Pixel 7 Pro, priced at $649, offers the best overall specs and price in Google’s lineup, making it the recommended choice for buyers seeking high performance at a lower cost.""),
  (""John Paul Kain"", ""Pixel 8 Pro is an upgrade, but you should just buy the Pixel 8"",
   ""While Google’s Pixel phones remain well-rounded, the high price‑to‑performance ratio—particularly for the new 8 Pro—requires careful consideration before making an upgrade."")
]"
Google Smart Thermostat Review,https://www.consumerreports.org/appliances/thermostats/google-nest-thermostat-review-a9480620820/,raw text/Google_Smart_Thermostat_Review_raw_text.txt,[]
Fitbit Review,https://www.wareable.com/features/what-fitbit-tracker-should-you-buy,raw text/Fitbit_Review_raw_text.txt,"**Triples extracted from the Fitbit article**

1. (“Fitbit trackers”, “are no longer the force they used to be”, “true”)  
2. (“There is still one device that keeps the legacy alive”, “is”, “Google Pixel Watch 4 or Pixel Watch 3”)  
3. (“Google”, “transformed”, “Fitbit brand since 2021 takeover”)  
4. (“Classic tracker lines”, “are worse off”, “since absorption into Google”)  
5. (“Google Pixel Watch 4”, “is”, “best Fitbit to buy”)  
6. (“Google Pixel Watch 4”, “runs”, “Wear OS 6”)  
7. (“Google Pixel Watch 4”, “offers”, “full selection of apps from Google’s suite”)  
8. (“Google Pixel Watch 4”, “has cases of”, “41mm and 45mm”)  
9. (“Google Pixel Watch 4”, “has”, “domed screen”)  
10. (“Google Pixel Watch 4”, “comparable to”, “Apple Watch Series 11”)  
11. (“Google Pixel Watch 4”, “has peak brightness”, “3,000 nits”)  
12. (“Google Pixel Watch 4 battery”, “lifespan for 41mm case”, “24–30 hours”)  
13. (“Google Pixel Watch 4 battery”, “lifespan for 45mm case”, “≈48 hours”)  
14. (“Google Pixel Watch 4”, “connects to”, “Fitbit app”)  
15. (“Fitbit app”, “tracks”, “heart rate, readiness score, cardio load, sleep, stress”)  
16. (“Fitbit Charge 6”, “released in”, “2023”)  
17. (“Fitbit Charge 6”, “is”, “flagship wristband”)  
18. (“Fitbit Charge 6”, “has”, “stainless steel case”)  
19. (“Fitbit Charge 6”, “has”, “AMOLED display”)  
20. (“Fitbit Charge 6”, “sensors for”, “skin temperature, EDA (adrenaline), ECG, SpO₂, GPS”)  
21. (“Fitbit Charge 6”, “includes”, “side button”)  
22. (“Fitbit Charge 6”, “battery life”, “7 days”)  
23. (“Fitbit Charge 6”, “issues”, “heart‑rate and GPS accuracy”)  
24. (“Fitbit Inspire 3”, “battery life”, “10 days”)  
25. (“Fitbit Inspire 3”, “has features”, “SpO₂, temperature sensor, heart‑rhythm scanning, Active Zone Minutes, sleep profiles”)  
26. (“Fitbit Inspire 3”, “best value”, “true”)  
27. (“Fitbit Versa 4”, “last smartwatch in Google‑produced line”, “true”)  
28. (“Fitbit Versa 4”, “battery life”, “8 days”)  
29. (“Fitbit Versa 4”, “features”, “heart‑rate, notifications, Google Wallet, Google Maps”)  
30. (“Fitbit Versa 4”, “lacks”, “ECG sensor”)  
31. (“Fitbit Versa 4”, “scans for”, “irregular heart rate events using PPG sensor”)  
32. (“Fitbit Sense 2”, “released in”, “2023”)  
33. (“Fitbit Sense 2”, “is”, “dedicated health watch”)  
34. (“Fitbit Sense 2”, “has sensor”, “EDA (stress) that reads palm continuously”)  
35. (“Fitbit Sense 2”, “has sensor”, “ECG, continuous”)  
36. (“Fitbit Sense 2”, “is lighter and thinner than predecessor”, “true”)  
37. (“Fitbit Sense 2”, “lacks justification at price point when compared with Pixel Watch 3/4”, “true”)  
38. (“Fitbit Luxe”, “has case”, “stainless steel”)  
39. (“Fitbit Luxe”, “has display”, “color AMOLED”)  
40. (“Fitbit Luxe”, “price category”, “affordable”)  
41. (“Fitbit Luxe”, “features”, “SpO₂ sensor, mindfulness drive, daily stress score, sleep, heart‑rate, steps”)  
42. (“Fitbit Luxe”, “lacks”, “GPS”)  
43. (“Fitbit Ace LTE”, “targets”, “children aged 7 and up”)  
44. (“Fitbit Ace LTE”, “features”, “six games, location, voice calls, $9.99/month subscription for location services”)  
45. (“Fitbit Ace LTE”, “price”, “$229.95 plus subscription”)  
46. (“Fitbit Ace LTE”, “monochrome display”, “true”)  
47. (“Fitbit Ace 3”, “targets”, “kids aged 6 and up”)  
48. (“Fitbeat Ace 3”, “display”, “monochrome”)  
49. (“Fitbit Ace 3”, “features”, “step tracking, sports monitoring, sleep insights, swim‑proof 5ATM, silent alarms, bedtime reminders”)  
50. (“Fitbit Ace 3”, “battery life”, “8 days”)  
51. (“Current‑generation Fitbit smartwatch series”, “is”, “most in‑depth and accurate in 2025”)  
52. (“Google”, “won’t produce Sense 3 smartwatch”, “true”)  
53. (“Google’s purchase of Fitbit in 2021”, “influenced”, “product roadmap and pricing”)  
54. (“Comparison chart”, “shows”, “each device’s GPS status (yes/no), battery duration, etc.”)  

Feel free to let me know if you need more detail on any particular device or feature."
Google vs Fitbit Review,https://store.google.com/magazine/google_pixel_watch_compare?hl=en-US&pli=1,raw text/Google_vs_Fitbit_Review_raw_text.txt,"[
  (""Google Pixel 8"", ""₹26,799"", ""N/A""),
  (""Google Pixel 8a"", ""₹12,999"", ""N/A""),
  (""Google Pixel 8 Pro"", ""₹34,999"", ""N/A""),
  (""Google Pixel 7a"", ""₹8,999"", ""N/A""),
  (""Google Pixel 7"", ""₹18,599"", ""N/A"")
]"
Govee Lights Review,https://www.reddit.com/r/Govee/comments/1efe0nv/how_well_do_govee_permanent_outdoor_lights/,raw text/Govee_Lights_Review_raw_text.txt,"- **(Brightness, “Up to ~1400 lumens per 6‑ft segment—well above typical string lights (~400 lumens), giving a dramatic and even illumination ideal for large exterior surfaces, and allowing tighter string spacing for a fuller look”, “Higher brightness demands a larger power supply and thicker wiring, increasing upfront installation costs and potentially higher running electricity expenses”)**
- **(Color accuracy, “High‑CRI (≈75–80) LEDs deliver authentic colors and a broader RGB range, with the warm‑white mode mimicking natural daylight; standard LED strings often have lower CRI (~60) and narrower color gamut, leading to flatter hues”, “Over time UV exposure can cause subtle color drift; some older Govee models exhibit slight hue shift compared with newer string lights, which may affect long‑term appearance”)**
- **(Durability, “IP65‑rated, weather‑proof ABS housing built for 3–5 + years of continuous outdoor use and a 5‑year manufacturer’s warranty, outlasting typical string lights that normally last only the holiday season”, “Installation is permanent—once a segment is attached it isn’t easily relocated or removed, and repair or replacement of damaged sections is more costly compared with flexible string lights that can be taken down and stored”)**
- **(Battery life, “When used with optional remote battery packs, segments can run 12–16 hours; for standard wired setup the lighting runs continuously as long as the 12‑V supply is on, giving seamless holiday lighting without the need for extension cords”, “Large permanent segments lack built‑in batteries; battery packs must be purchased, charged, and periodically replaced, adding maintenance and cost compared with mains‑powered string lights that rely on an always‑on plug‑in”)**
- **(Price, “Retail price runs from ~$79 for the basic model to ~$199 for the premium ‘Pro’ version, comparable to high‑end string lights but with the expectation of long‑term use; over several years this can represent a savings over buying a new set of string lights each season”, “The upfront cost is significantly higher than inexpensive string lights, and not all consumers view the price as justified for a single season of use—in addition, warranty claims can be expensive if replacement parts are needed”)**
- **(Overall comparison to standard LED string lights, “Permanent outdoor lights offer superior brightness, better color rendering, robust weather‑proof design, and a longer lifespan compared with conventional string lights, making them a strong choice for continuous façade illumination”, “They lack the flexibility of loose string lights that can be easily rearranged; installation requires professional cable management and the higher initial cost may deter casual users who only want temporary seasonal decorations”)**"
SmartThings Review,https://www.pcworld.com/article/2480454/samsung-smartthings-station-review.html,raw text/SmartThings_Review_raw_text.txt,"**Triples extracted from the product description**

1. (Samsung SmartThings Station, is, “smart‑home hub”)  
2. (Samsung SmartThings Station, has, “Thread border router”)  
3. (Samsung SmartThings Station, supports, “Matter”)  
4. (Samsung SmartThings Station, supports, “Zigbee”)  
5. (Samsung SmartThings Station, supports, “Bluetooth”)  
6. (Samsung SmartThings Station, supports, “Wi‑Fi”)  
7. (Samsung SmartThings Station, does NOT support, “Z‑Wave”)  
8. (Samsung SmartThings Station, does NOT support, “USB (local devices)”)  
9. (Samsung SmartThings Station, does NOT have, “Ethernet port”)  
10. (Samsung SmartThings Station, has, “inductive charging pad”)  
11. (Inductive charging pad, charges, “smartphone”)  
12. (Samsung SmartThings Station, has, “single control button”)  
13. (Control button, has triggers, “short press, long press, double press”)  
14. (Control button, can trigger, “SmartThings function”)  
15. (Samsung SmartThings Station, status light, “shows charging status”)  
16. (Status light, indicates, “charging” or “battery full”)  
17. (Samsung SmartThings Station, price, ""$59.99"")  
18. (Samsung SmartThings Station, $80 SKU price, ""$79.99"")  
19. (Samsung SmartThings Station, connects to, “SmartThings app via Wi‑Fi”)  
20. (Samsung SmartThings Station, can add, “Matter devices” (by scanning QR code))  
21. (Samsung SmartThings Station, can be used as, “wireless phone charger”)  
22. (Wireless phone charger, provides, “15 watts charging power for Samsung phones”)  
23. (Wireless phone charger, can be used as, “routine trigger”)
24. (Samsung SmartThings Station, enhances, “SmartThings Find” scanning)"
Google Privacy Policy,https://policies.google.com/?hl=en,raw text/Google_Privacy_Policy_raw_text.txt,"**Subject‑Predicate‑Object Triples**

1. (""Privacy Policy"", ""explains"", ""what information we collect and why, how we use it, and how to review and update it"")
2. (""Terms of Service"", ""describes"", ""the rules you agree to when using our services"")
3. (""Google Safety Center"", ""promotes"", ""built‑in security, privacy controls, and tools to help set digital ground rules for families"")
4. (""Google Safety Center"", ""offers"", ""a learning portal at safety.google"")
5. (""Google Account"", ""controls"", ""your account settings and tools for safeguarding data and protecting privacy"")
6. (""Google Account"", ""provides"", ""quick access to privacy‑related settings"")
7. (""We"", ""build"", ""privacy that works for everyone"")
8. (""We"", ""take"", ""responsibility for creating accessible products and services"")
9. (""Google Product Privacy Guide"", ""helps"", ""you find information about managing privacy features in Google products"")
10. (""Google Product Privacy Guide"", ""covers"", ""Gmail, Search, YouTube, and other products"")
11. (""Google"", ""offers"", ""privacy resources at policies.google.com"")
12. (""Google"", ""provides"", ""transparency information at transparency.google"")"
Microsoft Privacy Policy,https://www.microsoft.com/en-us/privacy,raw text/Microsoft_Privacy_Policy_raw_text.txt,"**Subject‑Predicate‑Object triples derived from the Microsoft Privacy Policy page**

1. (Microsoft, commits to, protecting the privacy and confidentiality of user data)  
2. (Microsoft, provides, customers with the ability to control their personal data)  
3. (Microsoft, offers, clear and meaningful choices over how data is used)  
4. (Microsoft, safeguards, user data using encryption and security best practices)  
5. (Microsoft, designs, its products with a core commitment to privacy by design)  
6. (Microsoft, strives to, fight for stronger privacy laws and protections)  
7. (Microsoft, reacts to, government data‑access requests by protecting user rights)  
8. (Microsoft, hosts, a privacy dashboard to manage privacy settings and data)  
9. (Microsoft, supplies, an account‑check‑up wizard to review and strengthen online security)  
10. (Microsoft, enables, users to find and manage privacy controls across products)  
11. (Microsoft, publishes, a privacy statement explaining personal data processing)  
12. (Microsoft, offers, a dedicated page for young users to learn about privacy practices)  
13. (Microsoft, releases, a privacy report detailing new developments and data usage)  
14. (Microsoft, provides, frequently asked questions that cover data export and deletion)  
15. (Microsoft, promotes, corporate social responsibility aligned with inclusive and sustainable future goals)  
16. (Microsoft, delivers, a U.S. State Data Privacy Notice for U.S. residents)  
17. (Microsoft, publishes, a GDPR and generative‑AI guide for public sector organizations)  
18. (Microsoft, commits to, protecting data of commercial and public‑sector customers in the AI era)  
19. (Microsoft, enhances, trust and privacy protection for AI‑based products and solutions)  
20. (Microsoft, facilitates, keeping personal data within the European Data Boundary for EU customers)  
21. (Microsoft, invites, privacy‑conscious users to contact the team for concerns or questions)  

These triples capture the key privacy‑related assertions and offerings described in the provided product (privacy policy) text."
SmartThings Privacy Policy,https://eula.samsungiotcloud.com/legal/us/en/pps.html,raw text/SmartThings_Privacy_Policy_raw_text.txt,"**Subject‑Predicate‑Object Triples Extracted from the SmartThings U.S. Privacy Notice**

1. (SmartThings U.S. Privacy Notice, effective date, December 29 2025)  
2. (Samsung Electronics Co., Ltd., along with affiliates and subsidiaries, respects concerns about privacy)  
3. (SmartThings U.S. Privacy Notice, applies to, personal information obtained through SmartThings)  
4. (SmartThings U.S. Privacy Notice, does not apply to, information collected by other apps, websites or services provided by Samsung)  
5. (SmartThings U.S. Privacy Notice for Minors, effective date, December 29 2025)  
6. (Privacy Notice for Minors, is simplified version of, SmartThings U.S. Privacy Notice)  
7. (Information obtained, includes, information you provide directly)  
8. (Information obtained, includes, information obtained by automated means)  
9. (Information you provide directly, includes, your interactions and inputs)  
10. (Voice commands, are relayed through, SmartThings servers)  
11. (Audio and visual content, is obtained when, you connect video or audio recording devices)  
12. (Health information, is obtained when, you use a feature that requires this information)  
13. (SmartThings Cooking input, overrides, existing information in Family Hub)  
14. (Account and contact information, includes, Samsung account profile information, phone number, user IDs, device registrations)  
15. (Rewards point history, is collected when, you use SmartThings Energy)  
16. (Information from other Samsung or third‑party services, includes, digital calendars, Family Hub responses, images from refrigerator door)  
17. (Information about devices, includes, hardware and software info, configurations and settings, unique identifiers)  
18. (Location information, includes, GPS, Bluetooth, Wi‑Fi signals, precise geolocation with permission)  
19. (Subscription status information, includes, product ID, purchase ID, subscription dates)  
20. (Usage information, includes, how, when, and for how long you use the Service; timezone; configurations; connected devices; list of apps; websites visited; content and data; user interests)  
21. (SmartThings Family Care, collects, profile information including emergency contacts)  
22. (SmartThings Family Care, collects, usage info such as medication schedule, reminders, medical visits, step count, symptoms)  
23. (Device geolocation, usage info, and activity logs, are collected and shared with caregiver, when caregiver uses place notifications)  
24. (Check for crying feature, collects, information about how many times and when a baby cried)  
25. (SmartThings Family Care, does not collect, voice information for Check for crying)  
26. (SmartThings, collects, online activity information for advertising)  
27. (Ad technology companies, track, users' online activities)  
28. (Cookies, web server logs, and web beacons, track, users)  
29. (Tracking, builds, profile of users' online browsing activities)  
30. (Tracking, helps, track effectiveness of marketing efforts)  
31. (Samsung, may use information to, identify and authenticate you)  
32. (Samsung, may use information to, provide the Service)  
33. (Samsung, may use information to, improve and customize your experience)  
34. (Samsung, may link, Samsung account to connected third‑party devices, apps, features or services)  
35. (Samsung, may respond to, requests, inquiries, and instructions)  
36. (Samsung, may provide, technical support including remote support)  
37. (Samsung, may send, notifications, content, alerts, offers, recommendations, promotions, marketing information, communications, advertisements)  
38. (Samsung, may provide, personalized ads with Samsung account data, with user consent)  
39. (SmartThings, can connect to, other devices, apps, and features)  
40. (Linked device, app or feature, operates independently from, SmartThings)  
41. (Linked device, app or feature, has, its own privacy notices or policies)  
42. (Data, is shared with, subsidiaries and affiliates)  
43. (Data, is shared with, business partners)  
44. (Data, is shared with, service providers/processors)  
45. (Data, is shared with, other parties when required by law or necessary to protect services)  
46. (Data, is shared with, other parties with your consent or at your direction)  
47. (Business partners, include, content or feature providers such as plug‑in providers)  
48. (Service providers, are, carefully selected companies that provide services for or on behalf of Samsung)  
49. (Other parties when required by law, may include, governmental authorities, law enforcement, national security, anti‑terrorism)  
50. (California residents, can view, California Consumer Privacy Statement)  
51. (Residents in certain states, have rights and choices about, personal information)  
52. (Privacy Notice, describes, information retention practices)  
53. (SmartThings, may update this Privacy Notice, from time to time)  
54. (If significant changes, SmartThings will notify you through the Service or email)  
55. (SmartThings U.S. Privacy Notice for Minors, is simplified version for, users under 18 years of age)  
56. (Information obtained automatically, includes, account and contact information, location info, subscription status, usage info)  
57. (Voice commands, are collected, if you use voice commands or connect Bixby)  
58. (Audio and visual content, may be captured, when you connect recording devices)  
59. (Geolocation, is used, to provide more accurate location services)  
60. (Personal health information, may be collected, when you use health‑related features such as sleep reports)  
61. (Technical support, includes, remote technical support)  
62. (Advertising, may be personalized with, Samsung account data, if user opts in)  
63. (SmartThings privacy statements, supplement, Samsung Privacy Policy and Consumer Health Data Privacy Statement)  
64. (If any conflict, the relevant provisions of this Privacy Notice, govern over other policies)  
65. (Information sharing, is performed, with user consent, for additional services)  
66. (Requests for data deletion or correction, can be made, by calling 1‑800‑SAMSUNG)  
67. (Data deletion, occurs, when information is no longer needed for the purpose for which it was collected)  
68. (Anonymization, is performed, when deleting data that can no longer be linked to an individual)  
69. (Online tracking, uses, cookies, web server logs, and web beacons)  
70. (SmartThings, supports, notification of geolocation collection when device allows)  

*(The list above summarizes the primary factual statements in the Privacy Notice. For a full legal analysis, please consult the complete document.)*"
Amazon Alexa and Echo Privacy Policy,https://www.amazon.com/gp/help/customer/display.html?nodeId=GVP69FUJ48X9DK8V,raw text/Amazon_Alexa_and_Echo_Privacy_Policy_raw_text.txt,"**Triples derived from the Amazon Alexa privacy policy excerpt**

| # | Subject | Predicate | Object |
|---|---------|-----------|--------|
| 1 | Amazon | knows | that users care about how their information is used |
| 2 | Alexa‑enabled devices | are designed to detect | only the user’s chosen wake word (Alexa, Amazon, Computer, Echo, or Ziggy) |
| 3 | Device | detects | the wake word by matching acoustic patterns |
| 4 | Audio | is stored | only when the wake word is detected |
| 5 | Recording (what the user asks Alexa) | is sent | to Amazon’s cloud |
| 6 | Echo device | displays | a visual indicator when the wake word is detected |
| 7 | Action button | triggers | a visual indicator when pressed |
| 8 | Echo devices | play | a short audible tone whenever audio is sent to the cloud |
| 9 | Echo devices | have | a microphone enable/disable button |
| 10 | Microphone enable/disable button | turns | microphones on or off |
| 11 | Microphone button | can be used | to disable microphones |
| 12 | User | can review and delete | voice recordings, text transcripts, and audio from Emergency Assist |
| 13 | User | can manage | use of voice recordings to improve Amazon services |
| 14 | Echo devices | indicate | that audio is being recorded through a visual symbol |
| 15 | Amazon | uses | Alexa interactions to improve natural language understanding |
| 16 | Amazon | trains | machine‑learning models with real‑world Alexa interactions |
| 17 | Human reviewers | examine | a small sample of Alexa interactions |
| 18 | Human reviewers | help | Alexa interpret requests and produce appropriate responses |
| 19 | Training process | includes | multi‑layer safeguards to protect customer privacy |
| 20 | Amazon | may use | Alexa interactions to improve other Amazon products |
| 21 | Customer | shop on Alexa | allows Amazon to use those interactions to improve product search systems |
| 22 | Echo devices | indicate when | a microphone is turned off |
| 23 | User | may configure | a short audible tone to be played when any audio is sent to the cloud |
| 24 | Amazon | may review | a very small sample of Alexa interactions |
| 25 | Amazon | may use | users’ interactions to develop new features and improve services |

These triples capture the key facts and functionalities described in the policy excerpt."
Cisco Privacy Policy,https://store.google.com/magazine/google_pixel_watch_compare?hl=en-US&pli=1,raw text/Cisco_Privacy_Policy_raw_text.txt,"( ""Cardio functionality"", ""Google Pixel Watch 4 (45 mm)"", ""50+ exercise modes, run‑workout builder, real‑time run guidance, target cardio load, and daily run recommendations"" ),  
( ""LTE option"", ""Google Pixel Watch 4 (45 mm)"", ""4 G LTE option for LTE calls"" ),  
( ""Heart‑rate monitor"", ""Google Pixel Watch 4 (45 mm)"", ""Multi‑path optical heart‑rate sensor"" ),  
( ""Always‑on display battery life"", ""Google Pixel Watch 4 (45 mm)"", ""Up‑to 40 h with always‑on display"" )"
Apple Privacy Policy,https://www.apple.com/legal/privacy/en-ww/,raw text/Apple_Privacy_Policy_raw_text.txt,[]
Huawei Privacy Policy,https://consumer.huawei.com/en/privacy/privacy-statement-huawei/,raw text/Huawei_Privacy_Policy_raw_text.txt,"**Subject‑Object‑Verb triples extracted from the Huawei Consumer Business Privacy Statement**

1. (“Huawei Device Co., Ltd.”, “processes”, “personal data”)
2. (“Huawei”, “collects”, “personal data”)  
3. (“Huawei”, “protects”, “personal data”)  
4. (“Huawei”, “adopts”, “standard industry practices for data protection”)  
5. (“Huawei”, “uses”, “cryptographic technologies for data confidentiality”)  
6. (“Huawei”, “deploys”, “access‑control mechanisms for data protection”)  
7. (“Huawei”, “requires”, “minimal and relevant personal data collection”)  
8. (“Huawei”, “retains”, “personal data only for the necessary period”)  
9. (“Huawei”, “restricts”, “unauthorized access to personal data”)  
10. (“Huawei”, “provides”, “privacy‑training for employees”)  
11. (“Huawei”, “has”, “dedicated security‑emergency response team”)  
12. (“Huawei”, “notifies”, “data subjects of security incidents”)  
13. (“Huawei”, “reports”, “incident handling status to supervisory authorities”)  
14. (“Data subjects”, “exercise”, “rights to access, correct and delete personal data”)  
15. (“Data subjects”, “submit”, “requests via official channels”)  
16. (“Huawei”, “responds to”, “data‑subject requests within one month”)  
17. (“Users”, “can withdraw”, “consent at any time”)  
18. (“Users”, “exercise”, “consent‑related rights as per Product Privacy Notice”)  
19. (“Children”, “cannot create”, “Huawei ID without parental/guardian consent”)  
20. (“Huawei”, “restricts”, “processing, sharing, transfer of children’s personal data”)  
21. (“Huawei”, “transfers”, “personal data globally”)  
22. (“Huawei”, “stores”, “personal data in China for China‑based services”)  
23. (“Huawei”, “provides”, “personal data to overseas recipients after legal safeguards”)  
24. (“Huawei”, “has no control over”, “third‑party privacy and data‑protection policies”)  
25. (“Huawei”, “updates”, “the privacy statement at any time”)  
26. (“Users”, “receive”, “initial replies within three working days”)  
27. (“Huawei”, “notifies”, “major changes via website posting or direct notifications”)  
28. (“Local versions”, “prevail”, “in case of legal conflict with the global statement”)  
29. (“Huawei”, “processes”, “personal data of minors”)  
30. (“Huawei”, “provides”, “deceased users’ relative access to personal data under Chinese law”)  
31. (“Data subjects”, “have”, “rights to access, correct, delete personal data, and restrict processing”)  
32. (“Huawei”, “does not process”, “data of individuals beyond the data‑subject without authorization”)  
33. (“Huawei”, “deletes”, “minor personal data if collected without parental consent”)  

These triples capture the primary subject‑verb‑object relationships expressed throughout the privacy statement."
Samsung Privacy Policy,https://www.samsung.com/us/account/privacy-policy/,raw text/Samsung_Privacy_Policy_raw_text.txt,"**Triples**  
1. **Galaxy Smartphone** - *Product Registration* - *The device you are currently using does not support the camera function. Please try again with a different device.*  
2. **Galaxy Tab** - *Product Registration* - *The device you are currently using does not support the camera function. Please try again with a different device.*  
3. **Galaxy Book** - *Product Registration* - *The device you are currently using does not support the camera function.*  
4. **Galaxy Watch** - *Product Registration* - *The device you are currently using does not support the camera function.*  
5. **Galaxy Buds** - *Product Registration* - *The device you are currently using does not support the camera function.*  
6. **TVs** - *Product Registration* - *The device you are currently using does not support the camera function.*  
7. **Projectors** - *Product Registration* - *The device you are currently using does not support the camera function.*  
8. **Sound Devices** - *Product Registration* - *The device you are currently using does not support the camera function.*  
9. **Refrigerators** - *Product Registration* - *The device you are currently using does not support the camera function.*  
10. **Dishwashers** - *Product Registration* - *The device you are currently using does not support the camera function.*  
11. **Laundry** - *Product Registration* - *The device you are currently using does not support the camera function.*  
12. **Vacuum Cleaners** - *Product Registration* - *The device you are currently using does not support the camera function.*  
13. **Monitors** - *Product Registration* - *The device you are currently using does not support the camera function.*  
14. **Memory & Storage** - *Product Registration* - *The device you are currently using does not support the camera function.*  
15. **Accessories** - *Product Registration* - *The device you are currently using does not support the camera function.*"
Ring Privacy Policy,https://ring.com/privacy-notice?srsltid=AfmBOoo0ZH4T_iO5KXl9j1oenf05o819_C_nf95hTSg4BXXSmBgkJOyB,raw text/Ring_Privacy_Policy_raw_text.txt,"**Triples summarizing the privacy policy**

```
[
  (""Ring"", ""collects"", ""contact information (name, phone, email, postal address)""),
  (""Ring"", ""collects"", ""account information (login credentials, passwords)""),
  (""Ring"", ""collects"", ""payment information (billing address, last four card digits, expiration date)""),
  (""Ring"", ""collects"", ""geolocation data (device location, background geofence)""),
  (""Ring"", ""collects"", ""product setup information (product name, description, installation location, settings)""),
  (""Ring"", ""collects"", ""technical device data (Wi‑Fi network details, signal strength, model, serial number, firmware version)""),
  (""Ring"", ""collects"", ""website and app interaction data (clickstream, IP address, device identifiers, browser characteristics)""),
  (""Ring"", ""collects"", ""social media handles and content posted on official pages""),
  (""Ring"", ""collects"", ""content from third‑party services linked via Works With Ring (account ID, email, device usage data)""),
  (""Ring"", ""collects"", ""customer content submitted via support or contact forms""),
  (""Ring"", ""collects"", ""content generated by Ring devices (video, audio, live streams, images, sensor data)""),
  
  (""Ring"", ""receives"", ""automated data via cookies, web logs, beacons (IP address, device IDs, language preferences, referrer pages)""),
  
  (""Ring"", ""uses"", ""personal data to supply Ring products and services""),
  (""Ring"", ""uses"", ""personal data to create, manage, and authenticate Ring accounts""),
  (""Ring"", ""uses"", ""personal data to process orders, shipments, and payments""),
  (""Ring"", ""uses"", ""personal data to personalize user experience and content recommendations""),
  (""Ring"", ""uses"", ""personal data to allow content streaming, saving, and sharing""),
  (""Ring"", ""uses"", ""personal data to authenticate access to protected content or services""),
  (""Ring"", ""uses"", ""personal data to enhance product and service security""),
  (""Ring"", ""uses"", ""personal data to communicate offers, promotions, and support information""),
  (""Ring"", ""uses"", ""personal data for analytics, market research, and business improvement""),
  (""Ring"", ""uses"", ""personal data to prevent fraud and comply with legal requirements""),
  (""Ring"", ""uses"", ""personal data for online interest‑based advertising (through third‑party ad networks)""),
  (""Ring"", ""uses"", ""personal data with service providers only as necessary for service delivery""),
  
  (""Ring"", ""shares"", ""personal data with affiliates, subsidiaries, and service providers (marketing, customer service, fulfillment, analytics, storage)""),
  (""Ring"", ""shares"", ""personal data with business partners (Works With Ring collaborators)""),
  (""Ring"", ""shares"", ""personal data to process payments and prevent fraud""),
  (""Ring"", ""discloses"", ""personal data to law enforcement or legal authorities when required""),
  (""Ring"", ""transfers"", ""personal data in the event of business sale or asset transfer""),
  
  (""Ring"", ""provides"", ""user controls via Control Center and Cookie Settings Manager to opt‑out of promotional communications and manage data requests""),
  (""Ring"", ""provides"", ""delete functionality for recordings under subscription plans and Ring Neighbors shares""),
  (""Ring"", ""protects"", ""personal data with administrative, technical, and physical safeguards""),
  (""Ring"", ""does not"", ""collect personal information from children under 13 years old"")
]
```"
Schneider Electric,https://www.se.com/us/en/about-us/legal/data-privacy/,raw text/Schneider_Electric_raw_text.txt,"**Subject–Predicate–Object Triples**

1. (“Schneider Electric”, “offers”, “Privacy Policy”)  
2. (“Privacy Policy”, “URL”, “https://www.se.com/us/en/about-us/legal/data-privacy”)  
3. (“Privacy Policy”, “contains”, “Cookie Notice”)  
4. (“Cookie Notice”, “URL”, “https://www.se.com/us/en/about-us/legal/cookie-notice”)  
5. (“Terms of use”, “URL”, “https://www.se.com/us/en/about-us/legal/terms-of-use”)  
6. (“Page”, “has header”, “Privacy Policy”)  
7. (“Page”, “includes image”, “SE_HIVE_779-2560x600.jpg”)  
8. (“SE_HIVE_779-2560x600.jpg”, “source URL”, “https://www.se.com/us/en/assets/v2/739/media/59925/560/SE_HIVE_779-2560x600.jpg”)  
9. (“User”, “can login via”, “mySchneider”) – (“mySchneider”, “URL”, “https://www.se.com/myschneider?countrycode=us&lang=en_US”)  
10. (“User”, “can create account via”, “mySchneider”) – (“mySchneider”, “URL”, “https://www.se.com/myschneider/onboarding?app=mySchneiderWebISP&countryCode=US&lang=en”)  
11. (“Page”, “has menu item”, “Products”)  
12. (“Page”, “has menu item”, “Software”)  
13. (“Page”, “has menu item”, “Services”)  
14. (“Page”, “has menu item”, “Solutions”)  
15. (“Page”, “has menu item”, “Homeowner”)  
16. (“Page”, “has menu item”, “Support”)  
17. (“Page”, “has menu item”, “Company”)  
18. (“Page”, “has link”, “About us”) – (“About us”, “URL”, “https://www.se.com/us/en/about-us/”)"
Accuracy of Fitbit Devices Systematic Review and Narrative Syntheses of Quantitative Data.txt,,raw text/Accuracy_of_Fitbit_Devices_Systematic_Review_and_Narrative_Syntheses_of_Quantitative_Data.txt,"**triples**

1. **Fitbit One – step accuracy – 1.5 %**  
2. **Fitbit One – step accuracy – 4.9 %**  
3. **Fitbit One – step accuracy – 10.0 %**  
4. **Fitbit One – step accuracy – 12.5 %**  
5. **Fitbit One – step accuracy – 24.7 %**  
6. **Fitbit One – step accuracy – 27.0 %**  
7. **Fitbit One – step accuracy – 33.5 %**  
8. **Fitbit One – step accuracy – 36.1 %**  

9. **Fitbit ZIP – step accuracy – 1.2 %**  
10. **Fitbit ZIP – step accuracy – 5.3 %**  
11. **Fitbit ZIP – step accuracy – 12.8 %**  
12. **Fitbit ZIP – step accuracy – 13.0 %**  
13. **Fitbit ZIP – step accuracy – 24.4 %**  
14. **Fitbit ZIP – step accuracy – 24.7 %**  
15. **Fitbit ZIP – step accuracy – 33.6 %**  
16. **Fitbit ZIP – step accuracy – 41.2 %**  

17. **Fitbit Flex – step accuracy – 5.8 %**  
18. **Fitbit Flex – step accuracy – 8.5 %**  
19. **Fitbit Flex – step accuracy – 13.0 %**  
20. **Fitbit Flex – step accuracy – 34.8 %**  
21. **Fitbit Flex – step accuracy – 30.3 %**  
22. **Fitbit Flex – step accuracy – 35.7 %**  
23. **Fitbit Flex – step accuracy – 38.2 %**  
24. **Fitbit Flex – step accuracy – 42.6 %**  

25. **Fitbit Charge HR – step accuracy – 4.3 %**  
26. **Fitbit Charge HR – step accuracy – 13.2 %**  
27. **Fitbit Charge HR – step accuracy – 31.8 %**  
28. **Fitbit Charge HR – step accuracy – 42.6 %**  
29. **Fitbit Charge HR – step accuracy – 43.8 %**  
30. **Fitbit Charge HR – step accuracy – 45.1 %**  
31. **Fitbit Charge HR – step accuracy – 70.2 %**  

32. **Fitbit Ultra – step accuracy – 12.8 %**  
33. **Fitbit Ultra – step accuracy – 18.3 %**  
34. **Fitbit Ultra – step accuracy – 22.1 %**  
35. **Fitbit Ultra – step accuracy – 38.5 %**  

36. **Fitbit One – distance – 12.6 %**  
37. **Fitbit One – distance – 14.5 %**  
38. **Fitbit One – distance – 17.9 %**  
39. **Fitbit One – distance – 23.0 %**  
40. **Fitbit One – distance – 33.1 %**  

41. **Fitbit ZIP – distance – 13.0 %**  
42. **Fitbit ZIP – distance – 23.0 %**  
43. **Fitbit ZIP – distance – 30.6 %**  
44. **Fitbit ZIP – distance – 32.2 %**  

45. **Fitbit Flex – distance – 12.6 %**  
46. **Fitbit Flex – distance – 14.7 %**  
47. **Fitbit Flex – distance – 18.7 %**  
48. **Fitbit Flex – distance – 21.1 %**  
49. **Fitbit Flex – distance – 28.9 %**  

50. **Fitbit Ultra – distance – 18.5 %**  
51. **Fitbit Ultra – distance – 21.5 %**  
52. **Fitbit Ultra – distance – 22.2 %**  
53. **Fitbit Ultra – distance – 27.8 %**  

54. **Fitbit One – active minutes – 36.2 %**  
55. **Fitbit One – active minutes – 37.5 %**  
56. **Fitbit One – active minutes – 39.6 %**  
57. **Fitbit One – active minutes – 55.8 %**  

58. **Fitbit ZIP – active minutes – 36.4 %**  
59. **Fitbit ZIP – active minutes – 59.0 %**  
60. **Fitbit ZIP – active minutes – 63.7 %**  

61. **Fitbit Flex – active minutes – 34.5 %**  
62. **Fitbit Flex – active minutes – 42.9 %**  
63. **Fitbit Flex – active minutes – 43.9 %**  
64. **Fitbit Flex – active minutes – 53.3 %**  

65. **Fitbit Charge HR – heart‑rate – 10.5 %**  
66. **Fitbit Charge HR – heart‑rate – 15.1 %**  
67. **Fitbit Charge HR – heart‑rate – 16.5 %**  
68. **Fitbit Charge HR – heart‑rate – 26.4 %**  

69. **Fitbit Charge HR – heart‑rate – 10.1 %**  
70. **Fitbit Charge HR – heart‑rate – 10.4 %**  

71. **Fitbit Ultra – heart‑rate – 19.6 %**  
72. **Fitbit Ultra – heart‑rate – 36.6 %**  
73. **Fitbit Ultra – heart‑rate – 46.1 %**  

74. **Fitbit Ultra – heart‑rate – 10.3 %**  
75. **Fitbit Ultra – heart‑rate – 19.4 %**  

76. **Fitbit One – sleep – 18.2 %**  
77. **Fitbit One – sleep – 23.2 %**  
78. **Fitbit One – sleep – 29.1 %**  
79. **Fitbit One – sleep – 32.1 %**  
80. **Fitbit One – sleep – 37.5 %**  

81. **Fitbit ZIP – sleep – 3.5 %**  
82. **Fitbit ZIP – sleep – 8.0 %**  
83. **Fitbit ZIP – sleep – 12.8 %**  

84. **Fitbit Flex – sleep – 14.5 %**  
85. **Fitbit Flex – sleep – 20.1 %**  
86. **Fitbit Flex – sleep – 33.7 %**  

87. **Fitbit Charge HR – sleep – 17.0 %**  
88. **Fitbit Charge HR – sleep – 26.6 %**  
89. **Fitbit Charge HR – sleep – 30.3 %**  

90. **Fitbit One – energy expenditure (walking) – 10.8 %**  
91. **Fitbit One – energy expenditure (walking) – 19.2 %**  
92. **Fitbit One – energy expenditure (walking) – 22.5 %**  
93. **Fitbit One – energy expenditure (running) – 22.6 %**  
94. **Fitbit One – energy expenditure (running) – 24.7 %**  

95. **Fitbit ZIP – energy expenditure (walking) – 15.9 %**  
96. **Fitbit ZIP – energy expenditure (walking) – 19.7 %**  
97. **Fitbit ZIP – energy expenditure (running) – 31.8 %**  

98. **Fitbit Flex – energy expenditure (walking) – 24.8 %**  
99. **Fitbit Flex – energy expenditure (running) – 28.9 %**  

100. **Fitbit Ultra – energy expenditure (walking) – 20.7 %**  
101. **Fitbit Ultra – energy expenditure (running) – 26.1 %**  

102. **Fitbit Charge HR – energy expenditure (walking) – 19.7 %**  
103. **Fitbit Charge HR – energy expenditure (running) – 29.1 %**  "
"Apple Watch, Wearables, and Heart Rhythm where do we stand.txt",,"raw text/Apple_Watch,_Wearables,_and_Heart_Rhythm_where_do_we_stand.txt","(“Atrial fibrillation”, “poses a”, “major health concern in the United States”)  
(“Atrial fibrillation”, “affects”, “over 5 million people in the United States”)  
(“Atrial fibrillation”, “accounts for”, “15 %–25 % of strokes”)  
(“Atrial fibrillation”, “can be”, “asymptomatic or subclinical”)  
(“First presentation of subclinical atrial fibrillation”, “is”, “stroke in 18 % of cases”)  
(“Subclinical atrial fibrillation”, “is associated with”, “increased risk of ischemic stroke”)  
(“Wearables”, “use”, “photoplethysmography (PPG)”)  
(“PPG”, “is used in”, “measuring heart rate and rhythm in wearables”)  
(“PPG signals”, “are analyzed by”, “an algorithm”)  
(“PPG technology”, “is accurate at”, “measuring heart rate in sinus rhythm”)  
(“PPG technology”, “is limited by”, “underestimation of heart rate during tachycardia”)  
(“Apple Watch”, “is used for”, “passive screening of silent atrial fibrillation”)  
(“Apple Heart Study”, “is a”, “prospective single‑arm study”)  
(“Apple Heart Study”, “included”, “419 297 participants”)  
(“Apple Heart Study”, “had a notification rate”, “highest in participants ≥ 65 years”)  
(“Apple Heart Study”, “had a notification rate”, “34 % of notified participants had atrial fibrillation detected”)  
(“Apple Watch tachogram”, “has a PPV of”, “0.71”)  
(“Apple Watch notification”, “has a PPV of”, “0.84”)  
(“Apple Watch tachogram”, “requires”, “four confirmatory tachograms for confirmation”)  
(“Apple Watch algorithm”, “triggers”, “a phone notification to the user”)  
(“Apple Watch study population”, “had a mean age of”, “41 years”)  
(“Apple Watch study population”, “consisted of”, “52 % aged 22–39 years”)  
(“Apple Watch study participants”, “were”, “without a known history of atrial fibrillation or atrial flutter”)  
(“Apple Watch study participants”, “were”, “younger and healthier than the general risk‑population”)  
(“Apple Watch”, “serves as”, “initial diagnostic tool for subclinical atrial fibrillation”)  
(“Kardia Band”, “is a product of”, “AliveCor”)  
(“Kardia Band algorithm”, “detects atrial fibrillation with a”, “93 % sensitivity”)  
(“Kardia Band algorithm”, “has a”, “84 % specificity”)  
(“AliveCor single‑lead EKG”, “has a sensitivity of”, “71.4 %”)  
(“AliveCor single‑lead EKG”, “has a specificity of”, “99.4 %”)  
(“AliveCor single‑lead EKG”, “has a PPV of”, “76.9 %”)  
(“AliveCor single‑lead EKG”, “has a NPV of”, “99.2 %”)  
(“Smartphone photoplethysmographic app Cardiio Rhythm”, “achieves a sensitivity of”, “92.9 %”)  
(“Smartphone photoplethysmographic app Cardiio Rhythm”, “achieves a specificity of”, “97.7 %”)  
(“Smartphone photoplethysmographic app Cardiio Rhythm”, “achieves a PPV of”, “53.1 %”)  
(“Smartphone photoplethysmographic app Cardiio Rhythm”, “achieves a NPV of”, “99.8 %”)  
(“Handheld EKG device My Diagnostick in a cardiology ward”, “has a sensitivity of”, “81.8 %”)  
(“Handheld EKG device My Diagnostick in a cardiology ward”, “has a specificity of”, “94.2 %”)  
(“Handheld EKG device My Diagnostick in a geriatric ward”, “has a sensitivity of”, “89.5 %”)  
(“Handheld EKG device My Diagnostick in a geriatric ward”, “has a specificity of”, “95.7 %”)  
(“Handheld EKG device AliveCor in a cardiology ward”, “has a sensitivity of”, “54.5 %”)  
(“Handheld EKG device AliveCor in a cardiology ward”, “has a specificity of”, “97.5 %”)  
(“Handheld EKG device AliveCor in a geriatric ward”, “has a sensitivity of”, “78.9 %”)  
(“Handheld EKG device AliveCor in a geriatric ward”, “has a specificity of”, “97.9 %”)  
(“Smartphone EKG recordings”, “are paired with”, “the Kardia application on an iPhone”)  
(“Kardia Band algorithm”, “labels rhythm as”, “possible AF, normal sinus rhythm, or unclassified”)  
(“Kardia Band algorithm”, “detects atrial fibrillation with a”, “93 % sensitivity”)  
(“Kardia Band algorithm”, “detects atrial fibrillation with a”, “84 % specificity”)  
(“Apple Watch tachogram”, “has a PPV of”, “71 %”)  
(“Apple Watch notification”, “has a PPV of”, “84 %”)  
(“Apple Watch”, “requires”, “four confirmatory tachograms before a notification”)  
(“Apple Watch”, “triggers”, “phone notification to the user”)  
(“Apple Watch study data”, “indicates”, “most notified participants sought medical care”)  
(“False positives on wearables”, “can cause”, “user anxiety”)  
(“Wearables”, “provide”, “non‑invasive, ambulatory heart rate monitoring”)  
(“Photoplethysmography signals”, “are affected by”, “motion artifacts”)  
(“Handheld EKG devices”, “are used for”, “opportunistic atrial fibrillation screening”)  
(“Smartphone camera app Cardiio Rhythm”, “measures heart rate by”, “photoplethysmogram”)  
(“Handheld EKG device AliveCor paired with a smartphone”, “has a sensitivity of”, “71.4 %”)  
(“Handheld EKG device AliveCor paired with a smartphone”, “has a specificity of”, “99.4 %”)  
(“Apple Watch study participants”, “had a mean age of”, “41 years”)  
(“Apple Watch study participants”, “included”, “52 % aged 22–39 years”)  
(“Apple Watch study participants”, “were”, “without a known history of atrial fibrillation or atrial flutter”)  
(“Smartphone EKG recordings”, “can produce”, “unclassified rhythms when motion artifacts are present”)  
(“Handheld EKG device AliveCor"", “has a”, ""77 % sensitivity in the geriatric ward study"")  
(“Handheld EKG device AliveCor"", “has a”, ""76 % specificity in the geriatric ward study"")  
(“Data storage”, “is transmitted to”, “the cloud for remote analysis”)  
(“Holter monitors”, “are limited by”, “intermittent monitoring and return for analysis”)  
(“Wearable technology”, “is perceived as convenient by”, “98 % of users”)  
(“Wearable technology”, “has a cost‑effectiveness advantage for”, “community atrial fibrillation screening”)"
"Google home Experience, support and re-experience of social home activities.txt",,"raw text/Google_home_Experience,_support_and_re-experience_of_social_home_activities.txt","[
  (""Ambient intelligence"", ""aims to"", ""integrate physical and virtual worlds for natural interaction""),
  (""Ambient intelligence"", ""emphasises"", ""contextual awareness and human‑centric design""),
  (""Home automation"", ""provides"", ""control of appliances and environmental conditions""),
  (""Home automation"", ""is a subset of"", ""ambient intelligence""),
  (""Real‑time support"", ""is important for"", ""inhabitants during their daily activities""),
  (""Real‑time support"", ""requires"", ""interpretation of home activities""),
  (""Interpretation of home activities"", ""necessitates"", ""understanding of multi‑party interactions""),
  (""Multi‑party interaction"", ""consists of"", ""verbal and non‑verbal communication""),
  (""Multi‑party interaction"", ""includes"", ""human – human, human – agent, and agent – agent exchanges""),
  (""Smart objects"", ""can act as"", ""interactive walls and communication interfaces""),
  (""Environments"", ""must understand"", ""multi‑party verbal and non‑verbal dynamics""),
  (""Meetings"", ""are"", ""controlled events suitable for multi‑party interaction research""),
  (""Meetings"", ""provide"", ""a structured context for testing interaction models""),
  (""AMI (Augmented Multi‑Party Interaction) project"", ""focuses on"", ""smart meeting environments""),
  (""AMI project"", ""objectives include"", ""real‑time support, querying, browsing, and replaying multimedia information""),
  (""AMI project"", ""uses"", ""sensors to capture audio‑visual data in meetings""),
  (""AMI meeting corpus"", ""contains"", ""audio‑visual recordings of multi‑party meetings""),
  (""Automatic addressee identification"", ""addresses"", ""the problem of who is being spoken to in multi‑party dialogues""),
  (""Automatic addressee identification"", ""uses"", ""speech and visual cues from multiple participants""),
  (""Automatic dominance detection"", ""identifies"", ""dominance levels via easily obtainable features""),
  (""Virtual embodied agents"", ""assist"", ""in establishing social presence within physical environments""),
  (""Distributed virtual meeting room"", ""connects"", ""separate physical meeting rooms into a shared virtual space""),
  (""RemoteHome"", ""enables"", ""virtual visits to smart homes and remote participation at home events""),
  (""RemoteHome"", ""features"", ""interactive walls, furniture, and objects communicating across rooms""),
  (""Hug suit"", ""translates"", ""received signals into vibrations for remote hug transmission""),
  (""Speech recognition"", ""is crucial for"", ""identifying roles and natural language understanding in meetings""),
  (""Emotion modeling"", ""supports"", ""synthetic agents in human‑agent interaction""),
  (""Smart objects"", ""can communicate"", ""with counterparts in other rooms""),
  (""Virtual reality meeting room"", ""provides"", ""a platform for presenting speaker roles and gestures""),
  (""Real‑time support"", ""enables"", ""habitants to receive contextual assistance during tasks""),
  (""Recording and replay"", ""allow"", ""analysis of past home events for learning and memory assistance""),
  (""Sensor data"", ""collects"", ""entering room events, proximity to objects, and person identification""),
  (""Ambient intelligence systems"", ""incorporate"", ""multiple modalities such as audio, visual, and haptic""),
  (""Multi‑modal interaction"", ""captures"", ""both verbal content and non‑verbal behavior""),
  (""User modeling"", ""leverages"", ""interaction context and personality traits""),
  (""Ambient intelligence services"", ""must adapt"", ""to changing environmental and social contexts""),
  (""Real‑time remote access"", ""extends"", ""home assistance to other smart environments""),
  (""Embedded conversational agents"", ""act as"", ""social companions in shared environments""),
  (""Multi‑agent systems"", ""simulate"", ""social interdependencies between humans and synthetic agents""),
  (""Virtual visits"", ""extend"", ""the boundary between physical and virtual spaces""),
  (""Multi‑party dialogue models"", ""are"", ""used to analyze addressing behavior""),
  (""Real‑time body pose estimation"", ""supports"", ""presenter awareness in meeting environments""),
  (""Multimodality"", ""is key to"", ""ambient intelligence design""),
  (""Presence"", ""enhances"", ""the sense of being in a shared environment""),
  (""Smart meeting rooms"", ""can be"", ""integrated into virtual reality environments for collaboration""),
  (""Multi‑party interaction research"", ""begins with"", ""controlled meeting contexts""),
  (""Ambient intelligence"", ""combines"", ""proactive devices with socially intelligent agents""),
  (""Home environment"", ""requires"", ""interpretation of complex, multi‑party activity streams""),
  (""AI for ambient intelligence"", ""must address"", ""human‑centric interaction and value alignment"")
]"
IoT_Internet_of_Threats_A_Survey_of_Practical_Security_Vulnerabilities_in_Real_IoT_Devices.txt,,raw text/IoT_Internet_of_Threats_A_Survey_of_Practical_Security_Vulnerabilities_in_Real_IoT_Devices.txt,"1) (""Meneghello"", ""received"", ""B.Sc. degree in information engineering"")  
2) (""Meneghello"", ""obtained"", ""M.Sc. degree in telecommunication engineering from University of Padova"")  
3) (""Meneghello"", ""obtained"", ""Ph.D. degree with SIGNET Research Group, Department of Information Engineering"")  
4) (""Meneghello"", ""receives"", ""Best Student Paper Award at WUWNet 2016"")  
5) (""Meneghello"", ""receives"", ""Best Student Presentation Award at IEEE Italy Section SSIE 2019"")  
6) (""Calore"", ""receives"", ""B.Sc. degree in information engineering"")  
7) (""Calore"", ""receives"", ""M.Sc. degree in telecommunication engineering from University of Padova"")  
8) (""Calore"", ""works"", ""SIGNET Research Group, University of Padova"")  
9) (""Calore"", ""interested in"", ""next generation cellular networks (5G) and machine learning on low‑powered devices"")  
10) (""Zucchetto"", ""obtains"", ""Ph.D. degree from University of Padova"")  
11) (""Zucchetto"", ""visited"", ""Telenor Research, Fornebu, Norway"")  
12) (""Zucchetto"", ""visited"", ""Intel Labs Europe, Dublin, Ireland"")  
13) (""Zucchetto"", ""works as"", ""Senior Systems Engineer with Centre for Intelligent Power, Eaton Corporation"")  
14) (""Zucchetto"", ""interested in"", ""smart energy systems, low‑power wide area network technologies, next generation cellular networks (5G)"")  
15) (""Polese"", ""receives"", ""B.Sc. degree in information engineering"")  
16) (""Polese"", ""receives"", ""M.Sc. degree in telecommunication engineering"")  
17) (""Polese"", ""pursues"", ""Ph.D. with Department of Information Engineering"")  
18) (""Polese"", ""visited"", ""NYU, New York City"")  
19) (""Polese"", ""visited"", ""AT&T Labs, Bedminster, NJ"")  
20) (""Polese"", ""visited"", ""Northeastern University, Boston, MA"")  
21) (""Polese"", ""collaborates with"", ""Intel, Santa Clara, CA; InterDigital, Wilmington, DE; NYU; AT&T Labs; University of Aalborg; King’s College London; NIST, Gaithersburg, MD"")  
22) (""Polese"", ""interested in"", ""protocols/architectures for 5G, millimeter‑wave communication, performance evaluation of complex networks"")  
23) (""Polese"", ""awarded"", ""Best Journal Paper Award of IEEE ComSoc Technical Committee on Communications Systems Integration and Modeling 2019"")  
24) (""Polese"", ""awarded"", ""Best Paper Award at WNS3 2019"")  
25) (""Zanella"", ""receives"", ""Laurea degree in computer engineering"")  
26) (""Zanella"", ""receives"", ""Ph.D. degree in electronic and telecommunications engineering from University of Padova"")  
27) (""Zanella"", ""works as"", ""Associate Professor with Department of Information Engineering, University of Padova"")  
28) (""Zanella"", ""coordinates"", ""SIGNET Research Group"")  
29) (""Zanella"", ""research areas"", ""protocol design, optimisation, performance evaluation of wired and wireless networks"")  
30) (""Zanella"", ""editor"", ""IEEE INTERNET OF THINGS JOURNAL"")  
31) (""Zanella"", ""associate editor"", ""IEEE TRANSACTIONS ON COGNITIVE COMMUNICATIONS AND NETWORKING"")  
32) (""Zanella"", ""associate editor"", ""IEEE COMMUNICATIONS SURVEYS AND TUTORIALS"")  
33) (""Zanella"", ""associate editor"", ""Digital Communications and Networks"")"
Vulnerabilities_in_hub_architecture_IoT_devices.txt,,raw text/Vulnerabilities_in_hub_architecture_IoT_devices.txt,"(“Manufacturers”, “forget about security”, “when putting a new product on the market”)

(“IoT hubs”, “are susceptible to”, “man‑in‑the‑middle attacks”)

(“Network access to a hub”, “compromises”, “home security”)

(“Intruders”, “have”, “an 8‑10‑minute window to enter a house undetected”)  

(“Attackers”, “can control”, “all devices connected to a hub”)

(“Hub”, “generates”, “a session key between the hub and the server”)

(“Hub”, “uses”, “Diffie–Hellman key exchange”)

(“Hub”, “uses”, “RSA public‑key algorithm”)

(“Hub”, “uses”, “AES‑128 encryption”)

(“Hub”, “uses”, “SHA‑1 data validation”)

(“Hub”, “sends”, “TCP keep‑alive messages every 10 seconds”)  

(“Hub”, “transmits”, “application data every 60 seconds”)  

(“Hub”, “sends notification to user”, “within 8‑10 minutes after disconnect”)  

(“SmartThings Hub”, “generates”, “a session key to Amazon AWS servers”)  

(“SmartThings Hub”, “obtains certificate from”, “Amazon AWS servers”)  

(“SmartThings Hub”, “has”, “self‑signed certificates expiring 2025”)  

(“Hub”, “stores”, “firmware that can be cloned with dd”)  

(“Cloned Hub”, “has”, “the same unique ID as the original”)  

(“Attacker”, “can black‑hole”, “hub traffic”)  

(“Hub”, “becomes”, “offline after 8‑10 minutes”)  

(“Attacker”, “exploits”, “telnet port 23 open on the hub”)  

(“Denial‑of‑service attack”, “floods”, “hub with TCP SYN packets”)  

(“ZigBee”, “uses”, “unencrypted communication for consumer convenience”)  

(“Kali tools (Nmap, Metasploit, Hydra, hping3)”, “are used to”, “discover and exploit hub services”)  

(“Intercepting Cloud Commands”, “were carried out by”, “sniffing traffic via a mirrored port”)  

(“Hub Exploits”, “were carried out by”, “port scans and Metasploit exploitation”)  

(“SSLstrip”, “was attempted to”, “remove certificates from the hub”)  

(“SSLsplit”, “was attempted to”, “forge new certificates for the hub”)  

(“Hydra”, “was modified to”, “detect correct passwords on telnet port 23”)  

(“hping3”, “was used to”, “send a flood of TCP SYN packets to the hub”)  

(“iptables”, “was used to”, “black‑hole hub traffic and cause loss of cloud connectivity”)  

(“Hub”, “sends”, “TCP keep‑alive every 10 seconds”)  

(“Hub”, “sends”, “application data every 60 seconds”)  

(“Hub”, “sends notification to the user”, “when it goes offline after 8‑10 minutes”)  

(“ZigBee”, “requires”, “remote and physical attacks to recover the secret key”)  

(“6LoWPAN”, “is vulnerable to”, “fragmentation attacks leading to denial‑of‑service”)  

(“Sensors”, “stop responding to the mobile app”, “when hub traffic is black‑holed”)  

(“Hub”, “has”, “unique identifier that can be cloned for hijacking purposes”)  

(“Attacker”, “can obtain”, “root access on the hub via Metasploit after a successful exploit”)  "
